Instructor,Department,University,rating_value,num_ratings,would_take_again,level_of_difficulty,normalized_rating_value,normalized_num_ratings,score
Mark Rush ,Economics department,University of Florida,5.0,697.0,0.94,3.0,1.0,1.0,0.98
Oliver Grundmann ,Pharmaceutical Sciences department,University of Florida,5.0,361.0,1.0,3.4,1.0,0.52,0.86
Richard Lutz ,Marketing department,University of Florida,5.0,256.0,1.0,3.4,1.0,0.37,0.81
David Knight ,Economics department,University of Florida,5.3,232.0,0.94,4.0,1.06,0.33,0.81
Maria Korolev ,Chemistry department,University of Florida,5.0,233.0,0.99,4.6,1.0,0.33,0.8
Megan Mocko ,Statistics department,University of Florida,4.5,356.0,0.88,3.0,0.9,0.51,0.78
Shu-Jen Huang ,Mathematics department,University of Florida,5.0,242.0,0.91,4.5,1.0,0.35,0.78
Kwai-Lee Chui ,Mathematics department,University of Florida,4.8,253.0,0.92,3.4,0.96,0.36,0.77
Steven Noll ,History department,University of Florida,5.0,187.0,0.93,3.0,1.0,0.27,0.76
Stephanie Stine ,Statistics department,University of Florida,5.0,144.0,0.98,2.8,1.0,0.21,0.76
Maria Ripol ,Statistics department,University of Florida,4.3,441.0,0.66,3.8,0.86,0.63,0.73
Carolyn Kelley ,Women department,University of Florida,5.0,87.0,0.98,2.8,1.0,0.12,0.73
Andrew Nichols ,Classics department,University of Florida,5.0,115.0,0.93,2.9,1.0,0.16,0.73
Soohyoun Ahn ,Food Science department,University of Florida,5.0,65.0,1.0,3.5,1.0,0.09,0.73
Amanpreet Kapoor ,Computer Science department,University of Florida,5.0,61.0,1.0,3.6,1.0,0.09,0.73
Quinn Mccoy Hansen ,Languages department,University of Florida,5.0,50.0,1.0,2.9,1.0,0.07,0.72
Jennifer Coenen ,Languages department,University of Florida,5.0,49.0,1.0,2.8,1.0,0.07,0.72
Stephen Adams ,Mathematics department,University of Florida,5.0,55.0,0.99,3.4,1.0,0.08,0.72
James Bonczek ,Agriculture department,University of Florida,4.9,136.0,0.9,2.1,0.98,0.2,0.72
Alison Reynolds ,English department,University of Florida,5.0,42.0,1.0,3.3,1.0,0.06,0.72
Selman Hershfield ,Physics department,University of Florida,5.0,42.0,1.0,3.5,1.0,0.06,0.72
John Streese ,Mathematics department,University of Florida,5.0,40.0,1.0,2.6,1.0,0.06,0.72
Anita Marshall ,Geology department,University of Florida,5.0,40.0,1.0,2.3,1.0,0.06,0.72
Kate Fletcher ,Community Studies department,University of Florida,4.9,54.0,1.0,2.3,0.98,0.08,0.72
Sean Adams ,History department,University of Florida,5.0,35.0,1.0,3.0,1.0,0.05,0.72
James Goodwin ,Languages department,University of Florida,5.0,35.0,1.0,2.8,1.0,0.05,0.72
Bernard O'Donnell ,English department,University of Florida,5.0,90.0,0.92,4.1,1.0,0.13,0.71
Amber Emanuel ,Health  Human Performance department,University of Florida,5.0,52.0,0.97,2.3,1.0,0.07,0.71
Max Adolphs ,Health & Human Performance department,University of Florida,5.0,29.0,1.0,3.0,1.0,0.04,0.71
Ingrid Kleespies ,Languages department,University of Florida,5.0,29.0,1.0,2.1,1.0,0.04,0.71
Victor Jordan ,Languages department,University of Florida,5.0,28.0,1.0,3.0,1.0,0.04,0.71
George Christou ,Chemistry department,University of Florida,4.9,66.0,0.97,3.3,0.98,0.09,0.71
Paul Robinson ,Mathematics department,University of Florida,5.0,25.0,1.0,2.8,1.0,0.04,0.71
Emrah Sahin ,History department,University of Florida,5.0,25.0,1.0,3.5,1.0,0.04,0.71
Josh Higdon ,Languages department,University of Florida,5.0,24.0,1.0,2.5,1.0,0.03,0.71
Oscar Prieto ,Anthropology department,University of Florida,5.1,5.0,1.0,2.6,1.02,0.01,0.71
Joel Davis ,Information Systems & Operations Management department,University of Florida,5.0,21.0,1.0,2.5,1.0,0.03,0.71
Eric Kligerman ,Languages department,University of Florida,5.0,55.0,0.95,3.4,1.0,0.08,0.71
Brian Odegaard ,Psychology department,University of Florida,5.0,20.0,1.0,3.1,1.0,0.03,0.71
Sean Trainor ,History department,University of Florida,5.0,20.0,1.0,2.4,1.0,0.03,0.71
Kristian Estevez ,Economics department,University of Florida,5.0,20.0,1.0,3.0,1.0,0.03,0.71
Jason Scheffler ,Animal Science department,University of Florida,5.0,18.0,1.0,2.8,1.0,0.03,0.71
John Conklin ,Engineering department,University of Florida,5.0,18.0,1.0,3.3,1.0,0.03,0.71
Jenna Gonzalez ,Education department,University of Florida,5.0,18.0,1.0,1.1,1.0,0.03,0.71
Pamela Dickrell ,Engineering department,University of Florida,5.0,18.0,1.0,2.1,1.0,0.03,0.71
Geoff Thompson ,Communication department,University of Florida,5.0,17.0,1.0,1.3,1.0,0.02,0.71
Kenneth Kidd ,English department,University of Florida,5.0,17.0,1.0,2.6,1.0,0.02,0.71
Hilary Coulson ,Women's Studies department,University of Florida,5.0,17.0,1.0,1.9,1.0,0.02,0.71
Han XU ,Asian Languages & Literatures department,University of Florida,5.0,16.0,1.0,3.0,1.0,0.02,0.71
Emily Bald ,Writing department,University of Florida,5.0,16.0,1.0,2.6,1.0,0.02,0.71
Regan Garner ,Education department,University of Florida,5.0,15.0,1.0,1.8,1.0,0.02,0.71
Danielle VanTuinen ,Women's Studies department,University of Florida,5.0,15.0,1.0,1.4,1.0,0.02,0.71
Derek Hunt ,Medicine department,University of Florida,5.0,14.0,1.0,2.4,1.0,0.02,0.71
Demetra Christou ,Health Science department,University of Florida,5.0,14.0,1.0,3.0,1.0,0.02,0.71
Charles Pickeral ,Art department,University of Florida,5.0,14.0,1.0,2.3,1.0,0.02,0.71
Zea Miller ,English department,University of Florida,5.0,13.0,1.0,1.9,1.0,0.02,0.71
Giulio Ronzoni ,Hospitality department,University of Florida,5.0,13.0,1.0,2.6,1.0,0.02,0.71
Erin Prophet ,Religion department,University of Florida,5.0,13.0,1.0,3.0,1.0,0.02,0.71
Anthony Manganaro ,English department,University of Florida,5.0,13.0,1.0,2.5,1.0,0.02,0.71
Dan Windels ,Communication department,University of Florida,5.0,12.0,1.0,2.4,1.0,0.02,0.71
Chrysostomos (Tom) Kostopoulos ,Classics department,University of Florida,5.0,12.0,1.0,1.9,1.0,0.02,0.71
Ricky Telg ,Agriculture department,University of Florida,5.0,12.0,1.0,2.8,1.0,0.02,0.71
Kasey Windels ,Advertising department,University of Florida,5.0,12.0,1.0,2.4,1.0,0.02,0.71
Pietro Bianchi ,English department,University of Florida,5.0,12.0,1.0,2.8,1.0,0.02,0.71
Matthieu Felt ,Languages department,University of Florida,5.0,12.0,1.0,1.9,1.0,0.02,0.71
Sarah Ballard ,Astronomy department,University of Florida,5.0,12.0,1.0,2.6,1.0,0.02,0.71
Mary Watt ,Languages department,University of Florida,5.0,12.0,1.0,2.9,1.0,0.02,0.71
Antonio Lopez ,Languages department,University of Florida,5.0,12.0,1.0,2.0,1.0,0.02,0.71
Roger Austin ,Political Science department,University of Florida,5.0,12.0,1.0,2.3,1.0,0.02,0.71
Jesse Dallery ,Psychology department,University of Florida,4.7,67.0,1.0,2.6,0.94,0.1,0.7
Benjamin Gordon ,Health amp Human Performance department,University of Florida,5.0,11.0,1.0,4.0,1.0,0.02,0.7
Vincent Bindschaedler ,Computer Science department,University of Florida,5.0,11.0,1.0,3.3,1.0,0.02,0.7
McKenzie Jossie ,Criminology department,University of Florida,5.0,11.0,1.0,3.4,1.0,0.02,0.7
Tishawna Dawson ,Telecommunications department,University of Florida,5.0,10.0,1.0,2.0,1.0,0.01,0.7
Maria Esterline ,Journalism department,University of Florida,5.0,9.0,1.0,2.4,1.0,0.01,0.7
Kevin Folta ,Biology department,University of Florida,5.0,9.0,1.0,2.3,1.0,0.01,0.7
Cindy Dosch ,Accounting department,University of Florida,5.0,9.0,1.0,4.3,1.0,0.01,0.7
Daniel Connaughton ,Health Science department,University of Florida,5.0,9.0,1.0,3.4,1.0,0.01,0.7
Brian Avery ,Health & Human Performance department,University of Florida,5.0,9.0,1.0,1.9,1.0,0.01,0.7
Salah Algabli ,Languages department,University of Florida,5.0,9.0,1.0,2.8,1.0,0.01,0.7
Ting Dong ,Engineering department,University of Florida,5.0,9.0,1.0,3.1,1.0,0.01,0.7
Eric Olson ,Business department,University of Florida,4.8,60.0,0.98,2.5,0.96,0.09,0.7
Grant Jones ,Sociology department,University of Florida,5.0,8.0,1.0,1.5,1.0,0.01,0.7
Samuel Martins ,Plant Pathology department,University of Florida,5.0,8.0,1.0,1.9,1.0,0.01,0.7
Rachel Silveri ,Art History department,University of Florida,5.0,8.0,1.0,2.4,1.0,0.01,0.7
Susan Hegeman ,English department,University of Florida,4.9,26.0,1.0,2.6,0.98,0.04,0.7
Shani Kerr ,Psychology department,University of Florida,5.0,28.0,0.97,2.6,1.0,0.04,0.7
Jared Tanner ,Health Science department,University of Florida,5.0,7.0,1.0,2.5,1.0,0.01,0.7
Timothy Karis ,International Studies department,University of Florida,5.0,7.0,1.0,2.5,1.0,0.01,0.7
Victor Del Hierro ,English department,University of Florida,5.0,7.0,1.0,1.6,1.0,0.01,0.7
James Sullivan ,Building Construction department,University of Florida,5.0,7.0,1.0,1.9,1.0,0.01,0.7
Lauren Douma ,Medicine department,University of Florida,5.0,7.0,1.0,4.0,1.0,0.01,0.7
Mitchell Knutson ,Science department,University of Florida,5.0,7.0,1.0,3.3,1.0,0.01,0.7
Andrea Villa ,Languages department,University of Florida,5.0,7.0,1.0,2.3,1.0,0.01,0.7
Eamon O'Connor ,Art department,University of Florida,5.0,7.0,1.0,1.0,1.0,0.01,0.7
Jeremy Waisome ,Engineering department,University of Florida,5.0,6.0,1.0,2.0,1.0,0.01,0.7
Colleen Rua ,Theater department,University of Florida,5.0,6.0,1.0,2.5,1.0,0.01,0.7
Eric Vallee ,English department,University of Florida,5.0,6.0,1.0,2.8,1.0,0.01,0.7
Risa Wada ,Languages department,University of Florida,5.0,6.0,1.0,3.5,1.0,0.01,0.7
Kara Casy ,Agronomy department,University of Florida,5.0,6.0,1.0,2.1,1.0,0.01,0.7
Joanna Neville ,Sociology department,University of Florida,5.0,6.0,1.0,1.5,1.0,0.01,0.7
George (Nick) Heitzman ,Technology department,University of Florida,5.0,6.0,1.0,2.6,1.0,0.01,0.7
Nick Heitzman ,Technology department,University of Florida,5.0,6.0,1.0,2.5,1.0,0.01,0.7
Charles Hages ,Engineering department,University of Florida,5.0,6.0,1.0,2.4,1.0,0.01,0.7
Nicole Gravina ,Psychology department,University of Florida,5.0,6.0,1.0,2.9,1.0,0.01,0.7
Adam Ginsburg ,Astronomy department,University of Florida,5.0,5.0,1.0,3.6,1.0,0.01,0.7
Anthony Middlebrooks ,Business department,University of Florida,5.0,5.0,1.0,2.0,1.0,0.01,0.7
Yujie Hu ,Geography department,University of Florida,5.0,5.0,1.0,3.5,1.0,0.01,0.7
Midori Imhoof ,Languages department,University of Florida,5.0,5.0,1.0,3.6,1.0,0.01,0.7
Matthew Jones ,Writing department,University of Florida,5.0,5.0,1.0,2.3,1.0,0.01,0.7
Feng Yue ,Animal Science department,University of Florida,5.0,5.0,1.0,2.6,1.0,0.01,0.7
Christina Romagosa ,Wildlife Ecology & Conservation department,University of Florida,5.0,5.0,1.0,2.0,1.0,0.01,0.7
Markus Santoso ,Computer Science department,University of Florida,5.0,5.0,1.0,2.4,1.0,0.01,0.7
Scott Banks ,Engineering department,University of Florida,5.0,5.0,1.0,3.1,1.0,0.01,0.7
Eliana DuBosar ,Communication department,University of Florida,5.0,5.0,1.0,3.3,1.0,0.01,0.7
Becky Raulerson ,Agriculture department,University of Florida,5.0,5.0,1.0,2.6,1.0,0.01,0.7
Lori Warren ,Agriculture department,University of Florida,5.0,5.0,1.0,3.4,1.0,0.01,0.7
John Maze ,Architecture department,University of Florida,4.9,58.0,0.95,2.0,0.98,0.08,0.7
Julio Rodriguez ,Health & Human Performance department,University of Florida,5.0,39.0,0.95,2.4,1.0,0.06,0.7
Alyssa Cole ,African-American Studies department,University of Florida,5.0,4.0,1.0,1.6,1.0,0.01,0.7
John Stanton ,Chemistry department,University of Florida,5.0,4.0,1.0,4.8,1.0,0.01,0.7
Natalia Sletova ,Languages department,University of Florida,5.0,4.0,1.0,3.0,1.0,0.01,0.7
Arthriya Subgranon ,Engineering department,University of Florida,5.0,4.0,1.0,2.8,1.0,0.01,0.7
Joel McQuagge ,Not Specified department,University of Florida,5.0,4.0,1.0,1.4,1.0,0.01,0.7
Taryrn Brown ,Social Science department,University of Florida,5.0,4.0,1.0,3.0,1.0,0.01,0.7
Johanna Engstrom ,Geography department,University of Florida,5.0,4.0,1.0,1.9,1.0,0.01,0.7
Bryce Catarelli ,Nursing department,University of Florida,5.0,4.0,1.0,2.8,1.0,0.01,0.7
Brent Sumerlin ,Chemistry department,University of Florida,5.0,45.0,0.94,4.1,1.0,0.06,0.7
Arnaud Marsiglietti ,Mathematics department,University of Florida,5.0,3.0,1.0,3.7,1.0,0.0,0.7
Gayle Evans ,Education department,University of Florida,5.0,3.0,1.0,2.4,1.0,0.0,0.7
Kevin Bird ,History department,University of Florida,5.0,3.0,1.0,1.8,1.0,0.0,0.7
Karen Bjorndal ,Biology department,University of Florida,5.0,3.0,1.0,1.8,1.0,0.0,0.7
Brianna Blassneck ,Hospitality department,University of Florida,5.0,3.0,1.0,2.0,1.0,0.0,0.7
Patrick Larkin ,Zoology department,University of Florida,5.0,3.0,1.0,3.8,1.0,0.0,0.7
Gregory Davis ,Telecommunications department,University of Florida,5.0,3.0,1.0,2.4,1.0,0.0,0.7
Mariano German-Coley ,Advertising department,University of Florida,5.0,3.0,1.0,2.8,1.0,0.0,0.7
Sidney Homan ,English department,University of Florida,5.0,3.0,1.0,2.0,1.0,0.0,0.7
Fei He ,Economics department,University of Florida,5.0,3.0,1.0,3.0,1.0,0.0,0.7
Kristen Apraiz ,Education department,University of Florida,5.0,3.0,1.0,1.8,1.0,0.0,0.7
Sierra Sierra Calhoun-Pollard ,Technology department,University of Florida,5.0,3.0,1.0,3.0,1.0,0.0,0.7
Allan Bacon ,Soil & Water Sciences department,University of Florida,5.0,3.0,1.0,1.8,1.0,0.0,0.7
Sanjeev Koppal ,Engineering department,University of Florida,5.0,3.0,1.0,2.4,1.0,0.0,0.7
Scott Thompson ,English department,University of Florida,5.0,3.0,1.0,1.4,1.0,0.0,0.7
Juan Andrade ,Nutrition department,University of Florida,5.0,3.0,1.0,1.7,1.0,0.0,0.7
Bewuket Tefera ,Geography department,University of Florida,5.0,3.0,1.0,1.4,1.0,0.0,0.7
James Oliverio ,Art department,University of Florida,5.0,3.0,1.0,2.0,1.0,0.0,0.7
Candice Adams-Mitchell ,Communication department,University of Florida,5.0,3.0,1.0,3.3,1.0,0.0,0.7
Kim Valenta ,Anthropology department,University of Florida,5.0,3.0,1.0,2.0,1.0,0.0,0.7
Hal Knowles ,Urban Planning department,University of Florida,5.0,3.0,1.0,2.8,1.0,0.0,0.7
Aladdin Alwisy ,Building Construction department,University of Florida,5.0,2.0,1.0,1.0,1.0,0.0,0.7
Barbara Sanchez ,Sociology department,University of Florida,5.0,2.0,1.0,1.5,1.0,0.0,0.7
Bomi Jin ,Sociology department,University of Florida,5.0,2.0,1.0,1.0,1.0,0.0,0.7
Aaron Hill ,Business department,University of Florida,5.0,2.0,1.0,2.0,1.0,0.0,0.7
Yue Jing ,Geography department,University of Florida,5.0,2.0,1.0,2.0,1.0,0.0,0.7
Diwakar Vyas ,Animal Science department,University of Florida,5.0,2.0,1.0,3.0,1.0,0.0,0.7
Shelby Mikkelson ,Criminology department,University of Florida,5.0,2.0,1.0,1.5,1.0,0.0,0.7
Desika Narayanan ,Astronomy department,University of Florida,5.0,2.0,1.0,3.0,1.0,0.0,0.7
Kathryn Sieving ,Wildlife Ecology & Conservation department,University of Florida,5.0,2.0,1.0,2.5,1.0,0.0,0.7
Ralena McDevitt ,Languages department,University of Florida,5.0,2.0,1.0,1.5,1.0,0.0,0.7
Marianne Vernetson ,Humanities department,University of Florida,5.0,2.0,1.0,2.0,1.0,0.0,0.7
Xinyu Zang ,Information Systems & Operations Management department,University of Florida,5.0,2.0,1.0,1.5,1.0,0.0,0.7
Michelle  Abraczinskas ,Human Development department,University of Florida,5.0,2.0,1.0,2.0,1.0,0.0,0.7
Megan Nakamura ,Linguistics department,University of Florida,5.0,2.0,1.0,2.0,1.0,0.0,0.7
Lindsey  Goldberg ,Political Science department,University of Florida,5.0,2.0,1.0,3.0,1.0,0.0,0.7
James Bunch ,Agriculture department,University of Florida,5.0,2.0,1.0,3.0,1.0,0.0,0.7
Andie Campana ,Languages department,University of Florida,5.0,2.0,1.0,2.5,1.0,0.0,0.7
Alison Adams ,Agriculture department,University of Florida,5.0,2.0,1.0,3.0,1.0,0.0,0.7
Ira Harkness ,Engineering department,University of Florida,5.0,2.0,1.0,3.0,1.0,0.0,0.7
Jessie Fernandez Garcia  ,Biology department,University of Florida,5.0,2.0,1.0,2.5,1.0,0.0,0.7
Aaron Costin ,Architecture department,University of Florida,5.0,2.0,1.0,3.5,1.0,0.0,0.7
Alexandra Avelino ,Animal Science department,University of Florida,5.0,2.0,1.0,2.0,1.0,0.0,0.7
Konstantina Sokratous ,Psychology department,University of Florida,5.0,2.0,1.0,4.5,1.0,0.0,0.7
Alyssa Zucker ,Women's Studies department,University of Florida,5.0,2.0,1.0,2.0,1.0,0.0,0.7
Courtney Sprain ,Geology department,University of Florida,5.0,2.0,1.0,4.0,1.0,0.0,0.7
Michael Aull ,Nursing department,University of Florida,5.0,2.0,1.0,3.0,1.0,0.0,0.7
Mark Russell ,Building Construction department,University of Florida,5.0,2.0,1.0,2.0,1.0,0.0,0.7
Joseph Rivera ,Criminology department,University of Florida,5.0,36.0,0.95,3.0,1.0,0.05,0.7
Mandy Moore ,English department,University of Florida,5.0,1.0,1.0,1.0,1.0,0.0,0.7
Kimberly Wiley ,Community Studies department,University of Florida,5.0,1.0,1.0,2.0,1.0,0.0,0.7
Edward Latorre-Navarro ,Engineering department,University of Florida,5.0,1.0,1.0,4.0,1.0,0.0,0.7
Debjani Das ,Geography department,University of Florida,5.0,1.0,1.0,2.0,1.0,0.0,0.7
Kumaran Muthusami ,Social Science department,University of Florida,5.0,1.0,1.0,3.0,1.0,0.0,0.7
Gabriele Belletti ,Linguistics department,University of Florida,5.0,1.0,1.0,2.0,1.0,0.0,0.7
Stephen Mullens ,Geography department,University of Florida,5.0,1.0,1.0,3.0,1.0,0.0,0.7
Lindsey Maeshima ,Psychology department,University of Florida,5.0,1.0,1.0,1.0,1.0,0.0,0.7
Herman Ramos ,Fine Arts department,University of Florida,5.0,1.0,1.0,1.0,1.0,0.0,0.7
Ruben Del Rio ,Education department,University of Florida,5.0,1.0,1.0,1.0,1.0,0.0,0.7
Debra Murie ,Science department,University of Florida,5.0,1.0,1.0,1.0,1.0,0.0,0.7
Andrew Cao ,Theater department,University of Florida,5.0,1.0,1.0,1.0,1.0,0.0,0.7
Meredith Beaupre ,Honors department,University of Florida,5.0,1.0,1.0,1.0,1.0,0.0,0.7
Mysha Clarke ,Wildlife Ecology & Conservation department,University of Florida,5.0,1.0,1.0,2.0,1.0,0.0,0.7
Hengxuan Chi ,Hospitality department,University of Florida,5.0,1.0,1.0,2.0,1.0,0.0,0.7
Jacob Watson ,Student Success department,University of Florida,5.0,1.0,1.0,2.0,1.0,0.0,0.7
Carlos Casanova ,Classics department,University of Florida,5.0,1.0,1.0,2.0,1.0,0.0,0.7
Duwayne Schubring ,Engineering department,University of Florida,5.0,1.0,1.0,1.0,1.0,0.0,0.7
Jeanne Ewert ,Literature department,University of Florida,5.0,1.0,1.0,3.0,1.0,0.0,0.7
Danielle Jake-Schoffman ,Health & Human Performance department,University of Florida,5.0,1.0,1.0,4.0,1.0,0.0,0.7
McKenzie Landrum ,Engineering department,University of Florida,5.0,1.0,1.0,4.0,1.0,0.0,0.7
Nathan Pinkoski ,Philosophy department,University of Florida,5.0,1.0,1.0,4.0,1.0,0.0,0.7
Robert Holt ,Ecology department,University of Florida,5.0,1.0,1.0,2.0,1.0,0.0,0.7
Kerry Costello ,Engineering department,University of Florida,5.0,1.0,1.0,3.0,1.0,0.0,0.7
María Mecías ,Languages department,University of Florida,5.0,1.0,1.0,2.0,1.0,0.0,0.7
Luis Rondan Vasquez ,Sociology department,University of Florida,5.0,1.0,1.0,2.0,1.0,0.0,0.7
Christopher Brown ,Health & Human Performance department,University of Florida,5.0,1.0,1.0,3.0,1.0,0.0,0.7
Jaehan Bae ,Astronomy department,University of Florida,5.0,1.0,1.0,3.0,1.0,0.0,0.7
Iblin Edelweiss Murillo Lafuente ,Sociology department,University of Florida,5.0,1.0,1.0,1.0,1.0,0.0,0.7
Uma Suryadevara ,Medicine department,University of Florida,5.0,1.0,1.0,1.0,1.0,0.0,0.7
Morgan Averette ,Sociology department,University of Florida,5.0,1.0,1.0,3.0,1.0,0.0,0.7
Leandro Teixeira ,Biology department,University of Florida,5.0,1.0,1.0,2.0,1.0,0.0,0.7
Todd Osborne ,Soil amp Water Sciences department,University of Florida,5.0,1.0,1.0,4.0,1.0,0.0,0.7
Annemarie Furlong ,Art department,University of Florida,5.0,1.0,1.0,2.0,1.0,0.0,0.7
Maria Puscama ,Languages department,University of Florida,5.0,1.0,1.0,4.0,1.0,0.0,0.7
Barry Hartz ,Music department,University of Florida,5.0,1.0,1.0,3.0,1.0,0.0,0.7
AJ Alvero ,Sociology department,University of Florida,5.0,1.0,1.0,2.0,1.0,0.0,0.7
Mindy Lighthipe ,Art department,University of Florida,5.0,1.0,1.0,2.0,1.0,0.0,0.7
Tina Tallon ,Music department,University of Florida,5.0,1.0,1.0,2.0,1.0,0.0,0.7
Jessica Francis ,Health & Human Performance department,University of Florida,5.0,1.0,1.0,2.0,1.0,0.0,0.7
James Cain ,Music department,University of Florida,5.0,1.0,1.0,1.0,1.0,0.0,0.7
Ben Vollmer ,Communication department,University of Florida,5.0,1.0,1.0,1.0,1.0,0.0,0.7
Michelle Tillander ,Art department,University of Florida,5.0,1.0,1.0,2.0,1.0,0.0,0.7
Bradford Daigneault ,Animal Science department,University of Florida,5.0,1.0,1.0,3.0,1.0,0.0,0.7
Allyson Trimble  ,Agriculture department,University of Florida,5.0,1.0,1.0,1.0,1.0,0.0,0.7
Angela Bradbery ,Communication department,University of Florida,5.0,1.0,1.0,3.0,1.0,0.0,0.7
Eric Porges ,Psychology department,University of Florida,5.0,1.0,1.0,2.0,1.0,0.0,0.7
Unna Yared ,Sociology department,University of Florida,5.0,1.0,1.0,1.0,1.0,0.0,0.7
Jeff Rollins ,Plant Pathology department,University of Florida,5.0,1.0,1.0,3.0,1.0,0.0,0.7
Palani Te ,Advertising department,University of Florida,5.0,1.0,1.0,3.0,1.0,0.0,0.7
Summer Shelton ,Advertising department,University of Florida,5.0,1.0,1.0,3.0,1.0,0.0,0.7
Christopher Smith ,Writing department,University of Florida,5.0,1.0,1.0,3.0,1.0,0.0,0.7
Joanna Hernandez ,Journalism department,University of Florida,5.0,1.0,1.0,3.0,1.0,0.0,0.7
Siva Srinivasan ,Engineering department,University of Florida,5.0,1.0,1.0,4.0,1.0,0.0,0.7
Lisa Campbell ,Information Science department,University of Florida,5.0,1.0,1.0,1.0,1.0,0.0,0.7
Erin Bruce ,Medicine department,University of Florida,5.0,1.0,1.0,2.0,1.0,0.0,0.7
Melissa Jones ,Microbiology department,University of Florida,5.0,27.0,0.96,3.4,1.0,0.04,0.7
Deborah Amberson ,Languages department,University of Florida,4.9,16.0,1.0,2.5,0.98,0.02,0.7
Amlan Biswas ,Physics department,University of Florida,5.0,46.0,0.93,3.5,1.0,0.07,0.7
Diego Alvarado ,Engineering department,University of Florida,4.9,14.0,1.0,2.1,0.98,0.02,0.7
Vincent Vatter ,Mathematics department,University of Florida,4.9,14.0,1.0,2.8,0.98,0.02,0.7
Rayven Crisafulli ,Hospitality department,University of Florida,4.9,12.0,1.0,2.8,0.98,0.02,0.7
Zulma Zayas ,Health Science department,University of Florida,4.9,12.0,1.0,2.3,0.98,0.02,0.7
Laura Dallman ,Music department,University of Florida,5.0,21.0,0.96,1.9,1.0,0.03,0.7
Joan Frosch ,Theater department,University of Florida,4.9,10.0,1.0,1.5,0.98,0.01,0.7
David Leavitt ,English department,University of Florida,4.9,9.0,1.0,1.9,0.98,0.01,0.7
Dan Stepp ,Fine Arts department,University of Florida,4.9,8.0,1.0,1.9,0.98,0.01,0.7
Alyssa Nunez ,Sociology department,University of Florida,4.9,6.0,1.0,2.3,0.98,0.01,0.69
Andres Rubiano Acosta ,Engineering department,University of Florida,5.0,64.0,0.89,5.0,1.0,0.09,0.69
Kyle Mendes ,Animal Science department,University of Florida,4.9,5.0,1.0,1.5,0.98,0.01,0.69
Bala Rathinasabapathi ,Horticulture department,University of Florida,4.8,23.0,1.0,1.5,0.96,0.03,0.69
Joel Parker ,Engineering department,University of Florida,4.9,4.0,1.0,1.6,0.98,0.01,0.69
Eric Esterline ,Sports Management department,University of Florida,4.9,4.0,1.0,2.0,0.98,0.01,0.69
Jack Kugelmass ,Anthropology department,University of Florida,4.9,4.0,1.0,1.0,0.98,0.01,0.69
Sasha Matar ,Journalism department,University of Florida,4.9,4.0,1.0,1.9,0.98,0.01,0.69
Wendy Dahl ,Health Science department,University of Florida,4.9,4.0,1.0,3.5,0.98,0.01,0.69
Josephine Allen ,Engineering department,University of Florida,4.9,4.0,1.0,3.2,0.98,0.01,0.69
Todd Best ,Honors department,University of Florida,4.9,4.0,1.0,2.0,0.98,0.01,0.69
Laurie Mintz ,Psychology department,University of Florida,5.0,26.0,0.94,1.9,1.0,0.04,0.69
Meredith Farnum ,Theater department,University of Florida,4.8,21.0,1.0,1.5,0.96,0.03,0.69
Amy Martinelli ,Communication department,University of Florida,4.8,21.0,1.0,2.5,0.96,0.03,0.69
Timothy Fik ,Geography department,University of Florida,4.8,21.0,1.0,2.0,0.96,0.03,0.69
Steve Tufts ,Marketing department,University of Florida,5.0,18.0,0.95,3.1,1.0,0.03,0.69
Iman Zawahry ,Telecommunications department,University of Florida,5.0,17.0,0.95,3.1,1.0,0.02,0.69
Andrew Selepak ,Telecommunications department,University of Florida,4.8,47.0,0.96,2.5,0.96,0.07,0.69
Gail Fanucci ,Chemistry department,University of Florida,4.8,19.0,1.0,2.8,0.96,0.03,0.69
Jeffrey Adler ,History department,University of Florida,4.8,87.0,0.9,3.3,0.96,0.12,0.69
Kevin Jones ,Engineering department,University of Florida,4.8,16.0,1.0,2.8,0.96,0.02,0.69
Patrick Scanlon ,English department,University of Florida,4.8,15.0,1.0,3.0,0.96,0.02,0.69
Gregory Webster ,Psychology department,University of Florida,4.8,14.0,1.0,2.0,0.96,0.02,0.69
Jason Meneely ,Design department,University of Florida,4.8,13.0,1.0,3.6,0.96,0.02,0.69
Philip Jackson ,Engineering department,University of Florida,4.9,29.0,0.95,3.1,0.98,0.04,0.69
Walter Starr ,Advertising department,University of Florida,4.8,12.0,1.0,2.3,0.96,0.02,0.69
Ghatu Subhash ,Engineering department,University of Florida,4.8,12.0,1.0,3.3,0.96,0.02,0.69
Suzanne Sneed-Murphy ,Health Science department,University of Florida,4.8,11.0,1.0,1.9,0.96,0.02,0.69
Laura Acosta ,Food Science department,University of Florida,4.8,11.0,1.0,1.9,0.96,0.02,0.69
John Gordon Burleigh ,Biology department,University of Florida,4.7,57.0,0.96,2.7,0.94,0.08,0.69
Jamie Pomeranz ,Health Science department,University of Florida,4.8,10.0,1.0,2.4,0.96,0.01,0.69
Anastasia Ulanowicz ,English department,University of Florida,4.7,28.0,1.0,3.5,0.94,0.04,0.69
Robert Padovano ,Advertising department,University of Florida,4.8,9.0,1.0,2.6,0.96,0.01,0.69
Rachel Carrico ,Theater department,University of Florida,4.8,9.0,1.0,1.9,0.96,0.01,0.69
Adrian Roitberg ,Chemistry department,University of Florida,4.8,9.0,1.0,3.1,0.96,0.01,0.69
Iser DeLeon ,Psychology department,University of Florida,4.8,8.0,1.0,2.8,0.96,0.01,0.69
Anna Gardner ,Health & Human Performance department,University of Florida,4.8,8.0,1.0,3.3,0.96,0.01,0.69
Corinne Matthews ,English department,University of Florida,4.8,8.0,1.0,3.3,0.96,0.01,0.69
Stephanie Bogart ,Anthropology department,University of Florida,4.8,28.0,0.97,2.3,0.96,0.04,0.69
Kristen Stoner ,Music department,University of Florida,4.8,7.0,1.0,2.0,0.96,0.01,0.69
Hitomi Greenslet ,Engineering department,University of Florida,4.8,6.0,1.0,2.4,0.96,0.01,0.69
Lisa Taylor ,Entomology department,University of Florida,4.8,5.0,1.0,2.0,0.96,0.01,0.69
Michael Harris ,Chemistry department,University of Florida,4.8,5.0,1.0,4.0,0.96,0.01,0.69
Erik Sander ,Engineering department,University of Florida,4.8,4.0,1.0,3.5,0.96,0.01,0.69
Mato Brautovic ,Telecommunications department,University of Florida,4.8,4.0,1.0,2.2,0.96,0.01,0.69
Christine Bucan ,Communication department,University of Florida,4.8,4.0,1.0,1.6,0.96,0.01,0.69
Austin Vining ,Journalism department,University of Florida,4.8,4.0,1.0,2.8,0.96,0.01,0.69
Willard Scott Keeran ,Mathematics department,University of Florida,4.8,213.0,0.7,4.3,0.96,0.31,0.69
Bojan Lazarevic ,Education department,University of Florida,4.8,3.0,1.0,2.4,0.96,0.0,0.69
Scott Robinson ,Zoology department,University of Florida,4.8,3.0,1.0,3.3,0.96,0.0,0.69
Jason Von Meding ,Building Construction department,University of Florida,4.8,3.0,1.0,2.8,0.96,0.0,0.69
Huan Chen ,Advertising department,University of Florida,4.8,3.0,1.0,2.4,0.96,0.0,0.69
Kun Xu ,Telecommunications department,University of Florida,4.8,3.0,1.0,1.4,0.96,0.0,0.69
Raluca Mateescu ,Animal Science department,University of Florida,4.8,3.0,1.0,2.8,0.96,0.0,0.69
Steven Thomas ,Music department,University of Florida,4.8,2.0,1.0,1.5,0.96,0.0,0.68
Jason Portmess ,Chemistry department,University of Florida,4.3,436.0,0.51,5.0,0.86,0.63,0.68
Theresa Antes ,Languages department,University of Florida,4.7,14.0,1.0,2.6,0.94,0.02,0.68
Holly Raynard ,Languages department,University of Florida,4.7,13.0,1.0,3.5,0.94,0.02,0.68
Eben Broadbent ,Ecology department,University of Florida,5.0,12.0,0.92,2.8,1.0,0.02,0.68
Kenneth Sassaman ,Anthropology department,University of Florida,4.6,78.0,0.93,2.0,0.92,0.11,0.68
Creed Greer ,Communication department,University of Florida,4.6,27.0,1.0,2.4,0.92,0.04,0.68
Caleb Stair ,Agriculture department,University of Florida,5.0,11.0,0.91,3.0,1.0,0.02,0.68
Boyi Hu ,Engineering department,University of Florida,4.7,3.0,1.0,2.3,0.94,0.0,0.68
Sylvie Blum ,Languages department,University of Florida,4.6,21.0,1.0,2.9,0.92,0.03,0.68
Emily Butler ,Communication department,University of Florida,4.9,14.0,0.93,3.1,0.98,0.02,0.68
Abby Fagan ,Criminology department,University of Florida,5.0,21.0,0.89,2.5,1.0,0.03,0.68
Stacey Mobley ,Nutrition department,University of Florida,4.8,44.0,0.91,2.8,0.96,0.06,0.68
Stuart McDaniel ,Botany department,University of Florida,4.9,39.0,0.89,3.0,0.98,0.06,0.68
James Babanikos ,Film department,University of Florida,4.6,18.0,1.0,3.2,0.92,0.03,0.68
"Archie ""Chip"" Birkner ",Music department,University of Florida,4.5,35.0,1.0,2.0,0.9,0.05,0.68
Anita Anantharam ,Women's Studies department,University of Florida,4.5,33.0,1.0,3.0,0.9,0.05,0.67
Ryan Duffy ,Psychology department,University of Florida,4.7,37.0,0.94,2.3,0.94,0.05,0.67
Charles Gattone ,Social Science department,University of Florida,4.5,32.0,1.0,3.0,0.9,0.05,0.67
Norman Lewis ,Journalism department,University of Florida,5.0,21.0,0.88,3.0,1.0,0.03,0.67
Brigitte Weltman-Aron ,Languages department,University of Florida,4.6,11.0,1.0,2.9,0.92,0.02,0.67
Amber Moss ,Health Science department,University of Florida,4.6,11.0,1.0,1.8,0.92,0.02,0.67
Bridget Grogan ,Journalism department,University of Florida,4.6,11.0,1.0,2.6,0.92,0.02,0.67
Laura Cruz Castro ,Computer Science department,University of Florida,4.5,29.0,1.0,3.3,0.9,0.04,0.67
Spyros Svoronos ,Engineering department,University of Florida,4.5,29.0,1.0,2.8,0.9,0.04,0.67
Cameron Jack ,Entomology department,University of Florida,4.8,15.0,0.94,2.8,0.96,0.02,0.67
Todd Thrift ,Science department,University of Florida,4.6,10.0,1.0,2.8,0.92,0.01,0.67
Stephen Perz ,Sociology department,University of Florida,4.5,26.0,1.0,2.8,0.9,0.04,0.67
Jason Harrington ,Mathematics department,University of Florida,5.0,93.0,0.77,4.0,1.0,0.13,0.67
Derek Farnsworth ,Economics department,University of Florida,4.6,7.0,1.0,2.7,0.92,0.01,0.67
Ashlyn Hale ,Chemistry department,University of Florida,4.6,7.0,1.0,3.0,0.92,0.01,0.67
Jonathan Brooks ,Engineering department,University of Florida,4.8,46.0,0.89,3.6,0.96,0.07,0.67
Christopher Ferraro ,Engineering department,University of Florida,4.6,6.0,1.0,3.3,0.92,0.01,0.67
Maddy Coy ,Women's Studies department,University of Florida,4.9,11.0,0.91,2.0,0.98,0.02,0.67
Liudmila (Mila) Khalitova ,Communication department,University of Florida,4.6,4.0,1.0,3.0,0.92,0.01,0.67
Moodjalin  Sudcharoen ,Anthropology department,University of Florida,4.6,4.0,1.0,2.1,0.92,0.01,0.67
Don Tawanpitak ,Economics department,University of Florida,4.6,4.0,1.0,3.3,0.92,0.01,0.67
David Jenkins ,Engineering department,University of Florida,4.4,89.0,0.93,3.3,0.88,0.13,0.67
Albert Ritzhaupt ,Education department,University of Florida,4.6,3.0,1.0,2.8,0.92,0.0,0.67
Elinore Fresh ,Languages department,University of Florida,4.5,21.0,1.0,3.4,0.9,0.03,0.67
Katherine Grillo ,Anthropology department,University of Florida,4.5,17.0,1.0,2.4,0.9,0.02,0.67
Catia Silva ,Engineering department,University of Florida,4.5,14.0,1.0,4.5,0.9,0.02,0.67
Joseph Meert ,Geology department,University of Florida,4.5,13.0,1.0,2.8,0.9,0.02,0.67
Christopher Smith ,Asian Languages & Literatures department,University of Florida,4.5,13.0,1.0,3.8,0.9,0.02,0.67
Terje Ostebo ,Religion department,University of Florida,4.5,13.0,1.0,2.8,0.9,0.02,0.67
Sergei Shabanov ,Mathematics department,University of Florida,4.6,63.0,0.9,3.4,0.92,0.09,0.67
Amber Ross ,Philosophy department,University of Florida,4.5,10.0,1.0,2.4,0.9,0.01,0.66
Benjamin Hebblethwaite ,Languages department,University of Florida,4.4,28.0,1.0,2.4,0.88,0.04,0.66
Derek Burdette ,Art History department,University of Florida,4.5,30.0,0.97,1.6,0.9,0.04,0.66
Conner Mullally ,Economics department,University of Florida,4.5,8.0,1.0,1.9,0.9,0.01,0.66
David Grant ,Philosophy department,University of Florida,4.5,5.0,1.0,2.8,0.9,0.01,0.66
Laura Gonzales ,English department,University of Florida,4.5,4.0,1.0,2.8,0.9,0.01,0.66
Daron Dean ,Journalism department,University of Florida,4.5,4.0,1.0,2.8,0.9,0.01,0.66
Megan Cantrell ,Agriculture department,University of Florida,4.5,4.0,1.0,1.9,0.9,0.01,0.66
Jonathan Adams ,Economics department,University of Florida,4.5,4.0,1.0,4.0,0.9,0.01,0.66
Zachary Slepian ,Astronomy department,University of Florida,4.5,31.0,0.96,4.0,0.9,0.04,0.66
Anthony Smith ,Classics department,University of Florida,4.5,2.0,1.0,3.5,0.9,0.0,0.66
Michael Harmon ,Written & Oral Communications department,University of Florida,4.5,2.0,1.0,1.5,0.9,0.0,0.66
Yu-Hao Lee ,Telecommunications department,University of Florida,4.5,2.0,1.0,2.0,0.9,0.0,0.66
Anusha Chaudhary ,Wildlife Ecology amp Conservation department,University of Florida,4.5,2.0,1.0,1.0,0.9,0.0,0.66
Yichi Zhang ,Computer Science department,University of Florida,4.5,2.0,1.0,3.5,0.9,0.0,0.66
Eleonora Rossi ,Linguistics department,University of Florida,4.5,2.0,1.0,2.0,0.9,0.0,0.66
Ruth Steiner ,Urban Planning department,University of Florida,4.5,2.0,1.0,2.5,0.9,0.0,0.66
Ragnhildur Bjarnadottir ,Nursing department,University of Florida,4.5,2.0,1.0,2.5,0.9,0.0,0.66
Pasha Agoes ,Communication department,University of Florida,4.5,2.0,1.0,1.5,0.9,0.0,0.66
Kurtis Gurley ,Engineering department,University of Florida,4.5,2.0,1.0,3.0,0.9,0.0,0.66
Michael Harmon ,Communication department,University of Florida,4.5,2.0,1.0,2.0,0.9,0.0,0.66
Anthony Auletta ,Entomology department,University of Florida,4.9,10.0,0.88,3.8,0.98,0.01,0.66
Mike Foley ,Journalism department,University of Florida,4.9,86.0,0.77,4.1,0.98,0.12,0.66
Esther Romeyn ,Humanities department,University of Florida,4.4,18.0,1.0,1.9,0.88,0.03,0.66
Su Ar Lee ,Languages department,University of Florida,4.4,18.0,1.0,1.6,0.88,0.03,0.66
Alioune Sow ,Languages department,University of Florida,4.4,15.0,1.0,2.7,0.88,0.02,0.66
Ashish Aggarwal ,Computer Science department,University of Florida,4.8,31.0,0.87,3.3,0.96,0.04,0.66
Joseph Wilson ,Computer Science department,University of Florida,5.0,21.0,0.83,4.1,1.0,0.03,0.66
Andrea Caloiaro ,Writing department,University of Florida,4.4,33.0,0.97,2.9,0.88,0.05,0.66
Alexander Jacobs ,Chemistry department,University of Florida,4.6,16.0,0.94,3.4,0.92,0.02,0.66
Gabriela Hamerlinck ,Geography department,University of Florida,5.0,17.0,0.83,3.1,1.0,0.02,0.66
Farah Akiely ,Design department,University of Florida,4.6,18.0,0.93,2.9,0.92,0.03,0.65
Kelsi Matwick ,English department,University of Florida,4.4,6.0,1.0,1.6,0.88,0.01,0.65
Sadie Ryan ,Geography department,University of Florida,4.4,6.0,1.0,3.0,0.88,0.01,0.65
Erika Brooke ,Criminology department,University of Florida,4.5,22.0,0.95,3.5,0.9,0.03,0.65
Ryan Wilhelmi ,Geology department,University of Florida,4.6,16.0,0.93,2.6,0.92,0.02,0.65
Jin-Won Kim ,"Recreation, Parks, & Tourism department",University of Florida,4.4,4.0,1.0,2.4,0.88,0.01,0.65
Erin Patrick ,Engineering department,University of Florida,4.4,4.0,1.0,2.9,0.88,0.01,0.65
Steven Johnson ,Wildlife Ecology & Conservation department,University of Florida,4.4,3.0,1.0,3.8,0.88,0.0,0.65
Mike Moorhouse ,Health Science department,University of Florida,4.8,12.0,0.88,2.3,0.96,0.02,0.65
Robert Ray ,English department,University of Florida,4.3,18.0,1.0,4.0,0.86,0.03,0.65
Jeffrey Rudolf ,Chemistry department,University of Florida,4.8,8.0,0.88,3.3,0.96,0.01,0.65
Mary-Anne Eaverly ,Classics department,University of Florida,4.4,74.0,0.89,2.6,0.88,0.11,0.65
Ron Chandler ,Psychology department,University of Florida,4.6,29.0,0.9,2.5,0.92,0.04,0.65
Sergei Pilyugin ,Mathematics department,University of Florida,4.5,26.0,0.93,3.5,0.9,0.04,0.65
Rong Zhang ,Computer Science department,University of Florida,4.3,14.0,1.0,3.4,0.86,0.02,0.65
Carol Demas ,Mathematics department,University of Florida,4.4,51.0,0.92,3.0,0.88,0.07,0.65
Steve Johnson ,Biology department,University of Florida,4.5,24.0,0.93,3.3,0.9,0.03,0.65
David Daegling ,Anthropology department,University of Florida,4.3,12.0,1.0,3.6,0.86,0.02,0.65
Matthew Smith ,Geological Sciences department,University of Florida,4.6,94.0,0.8,3.0,0.92,0.13,0.65
Rose Lugano ,Languages department,University of Florida,4.3,10.0,1.0,2.3,0.86,0.01,0.65
James Simpson ,Philosophy department,University of Florida,4.3,8.0,1.0,1.6,0.86,0.01,0.65
Lisa Athearn ,Communication department,University of Florida,4.8,19.0,0.85,2.5,0.96,0.03,0.65
Kathryn McGill ,Physics department,University of Florida,4.6,35.0,0.88,4.5,0.92,0.05,0.65
Elizabeth Dale ,History department,University of Florida,4.3,7.0,1.0,3.6,0.86,0.01,0.65
Lynn Sollenberger ,Agronomy department,University of Florida,4.3,7.0,1.0,1.6,0.86,0.01,0.65
Kimberly Moore ,Horticulture department,University of Florida,4.3,6.0,1.0,1.3,0.86,0.01,0.65
Renee Martin-Kratzer ,Journalism department,University of Florida,4.8,80.0,0.76,5.0,0.96,0.11,0.65
Ravi Ghadge ,Sociology department,University of Florida,4.3,5.0,1.0,2.3,0.86,0.01,0.65
Steven Laux ,Engineering department,University of Florida,4.3,5.0,1.0,2.3,0.86,0.01,0.65
Jamie Kraft ,Humanities department,University of Florida,4.4,41.0,0.92,2.6,0.88,0.06,0.65
Benjamin Smith ,Political Science department,University of Florida,4.0,54.0,1.0,4.1,0.8,0.08,0.64
David Clark ,Horticulture department,University of Florida,4.5,58.0,0.86,2.6,0.9,0.08,0.64
Alice Emery ,Education department,University of Florida,4.6,10.0,0.9,1.8,0.92,0.01,0.64
Edit Nagy ,Languages department,University of Florida,4.4,23.0,0.93,2.5,0.88,0.03,0.64
Jennifer Braddock ,Communication department,University of Florida,4.5,18.0,0.91,3.4,0.9,0.03,0.64
Helene Blondeau ,Languages department,University of Florida,4.2,10.0,1.0,2.9,0.84,0.01,0.64
Steven Harris ,Chemistry department,University of Florida,3.9,163.0,0.86,4.6,0.78,0.23,0.64
Akito Kawahara ,Biology department,University of Florida,5.0,8.0,0.78,1.8,1.0,0.01,0.64
Asli Baysal ,Political Science department,University of Florida,4.5,34.0,0.88,3.8,0.9,0.05,0.64
Daniel Czyz ,Microbiology department,University of Florida,4.4,17.0,0.93,4.0,0.88,0.02,0.64
Benjamin Soares ,Religion department,University of Florida,4.2,4.0,1.0,3.5,0.84,0.01,0.64
Darlena Cunha ,Journalism department,University of Florida,4.4,15.0,0.93,2.4,0.88,0.02,0.64
Robert Thieke ,Engineering department,University of Florida,4.1,20.0,1.0,3.6,0.82,0.03,0.64
Tace Hedrick ,English department,University of Florida,4.1,19.0,1.0,2.4,0.82,0.03,0.64
Michelle Bellaver ,Theater department,University of Florida,5.0,2.0,0.78,2.5,1.0,0.0,0.64
Duncan Purves ,Philosophy department,University of Florida,4.6,9.0,0.88,3.6,0.92,0.01,0.64
Kenneth Broadway ,Music department,University of Florida,5.0,1.0,0.78,2.0,1.0,0.0,0.64
Michele Tennant ,Information Science department,University of Florida,5.0,1.0,0.78,2.0,1.0,0.0,0.64
Heather Gibson ,Health Science department,University of Florida,4.5,20.0,0.89,2.8,0.9,0.03,0.64
Melissa Meadows ,Biology department,University of Florida,4.3,29.0,0.93,2.8,0.86,0.04,0.64
Timothy Vollmer ,Psychology department,University of Florida,4.1,17.0,1.0,3.3,0.82,0.02,0.64
Anthony Gonzalez ,Astronomy department,University of Florida,4.1,17.0,1.0,3.5,0.82,0.02,0.64
Susan D. Gillespie ,Anthropology department,University of Florida,4.1,17.0,1.0,3.8,0.82,0.02,0.64
Zachary Selden ,Political Science department,University of Florida,4.6,28.0,0.85,3.0,0.92,0.04,0.64
Brantlee Spakes Richter ,Not Specified department,University of Florida,4.8,25.0,0.8,2.9,0.96,0.04,0.63
Martie Gillen ,Social Science department,University of Florida,4.5,11.0,0.9,2.4,0.9,0.02,0.63
Ben Smith ,Chemistry department,University of Florida,4.1,15.0,1.0,2.9,0.82,0.02,0.63
Mitchell Hart ,History department,University of Florida,4.1,13.0,1.0,3.4,0.82,0.02,0.63
Patrick Carmichael ,Mathematics department,University of Florida,4.3,80.0,0.85,4.0,0.86,0.11,0.63
Ruby Lee ,Accounting department,University of Florida,4.1,12.0,1.0,4.3,0.82,0.02,0.63
Aghane Antunes ,Geography department,University of Florida,4.4,12.0,0.92,2.4,0.88,0.02,0.63
Dale Pracht ,Social Science department,University of Florida,4.1,10.0,1.0,2.5,0.82,0.01,0.63
Franz Futterknecht ,Languages department,University of Florida,4.1,9.0,1.0,3.3,0.82,0.01,0.63
Aaron Karlson ,Design department,University of Florida,4.1,8.0,1.0,3.4,0.82,0.01,0.63
Jeff Pufahl ,Center for Arts in Medicine department,University of Florida,4.1,7.0,1.0,3.1,0.82,0.01,0.63
Juliana Sanin ,Political Science department,University of Florida,4.1,6.0,1.0,3.8,0.82,0.01,0.63
Samuel Stafford ,Political Science department,University of Florida,4.5,97.0,0.76,4.6,0.9,0.14,0.63
Sehoon Kim ,Finance department,University of Florida,4.1,4.0,1.0,3.0,0.82,0.01,0.63
Justin Callaham ,Animal Science department,University of Florida,4.1,4.0,1.0,3.3,0.82,0.01,0.63
Jorge  Ruiz-Menjivar  ,Community Studies department,University of Florida,4.1,4.0,1.0,2.1,0.82,0.01,0.63
Christine Le Jeune ,Anthropology department,University of Florida,4.1,4.0,1.0,2.6,0.82,0.01,0.63
Edmund Kellerman ,Communication department,University of Florida,4.3,120.0,0.78,1.5,0.86,0.17,0.63
Nina Caputo ,History department,University of Florida,4.0,22.0,1.0,3.1,0.8,0.03,0.63
Michelle Phillips ,Economics department,University of Florida,4.6,19.0,0.84,3.5,0.92,0.03,0.63
Ellen Davis ,Biology department,University of Florida,4.3,18.0,0.92,3.4,0.86,0.03,0.63
Luca Di Cerbo ,Mathematics department,University of Florida,4.5,15.0,0.87,3.1,0.9,0.02,0.63
Andrea Goncher ,Engineering department,University of Florida,4.4,12.0,0.9,2.6,0.88,0.02,0.63
Brian Ray ,Business department,University of Florida,4.0,86.0,0.9,2.8,0.8,0.12,0.63
Amanda Phalin ,Business department,University of Florida,4.1,95.0,0.86,2.9,0.82,0.14,0.63
Victor Harris ,Community Studies department,University of Florida,4.6,16.0,0.84,1.9,0.92,0.02,0.63
Ryan Good ,Geography department,University of Florida,4.3,71.0,0.84,3.0,0.86,0.1,0.63
Jonathan Helton ,Music department,University of Florida,4.0,13.0,1.0,3.5,0.8,0.02,0.63
Olivier Walther ,Geography department,University of Florida,4.0,11.0,1.0,3.3,0.8,0.02,0.62
Welson Tremura ,Music department,University of Florida,4.0,11.0,1.0,3.3,0.8,0.02,0.62
Shawn Weatherford ,Physics department,University of Florida,4.1,46.0,0.92,4.0,0.82,0.07,0.62
Feihong Wang ,Psychology department,University of Florida,4.3,35.0,0.88,2.5,0.86,0.05,0.62
AJ Jung ,Communication department,University of Florida,4.0,7.0,1.0,2.1,0.8,0.01,0.62
Willm Martens-Habbena ,Biology department,University of Florida,4.4,9.0,0.89,2.5,0.88,0.01,0.62
Nathalie Ciesco ,Languages department,University of Florida,3.9,25.0,1.0,3.6,0.78,0.04,0.62
Sadie Sanders ,Health Science department,University of Florida,4.3,34.0,0.88,1.7,0.86,0.05,0.62
Sonia San Juan ,Languages department,University of Florida,4.0,6.0,1.0,2.9,0.8,0.01,0.62
Lauren Hodges ,Music department,University of Florida,4.4,50.0,0.83,2.0,0.88,0.07,0.62
Hua Yan ,Biology department,University of Florida,4.1,21.0,0.95,3.1,0.82,0.03,0.62
Vanessa Hull ,Ecology department,University of Florida,4.8,9.0,0.78,1.8,0.96,0.01,0.62
Timothy Townsend ,Environmental Science department,University of Florida,4.0,4.0,1.0,3.5,0.8,0.01,0.62
Andrew Rosenberg ,Political Science department,University of Florida,4.0,4.0,1.0,3.4,0.8,0.01,0.62
Danny Coenen ,Environmental Science department,University of Florida,4.4,41.0,0.84,3.4,0.88,0.06,0.62
Pratap Pullammanappallil ,Engineering department,University of Florida,4.8,5.0,0.78,2.6,0.96,0.01,0.62
Alex Angerhofer ,Chemistry department,University of Florida,4.4,82.0,0.78,4.1,0.88,0.12,0.62
Jenel Moliere ,Theater department,University of Florida,4.0,3.0,1.0,1.0,0.8,0.0,0.62
Tracy Stepien ,Mathematics department,University of Florida,4.0,2.0,1.0,3.5,0.8,0.0,0.62
Celeste Wagner ,Advertising department,University of Florida,4.0,2.0,1.0,2.5,0.8,0.0,0.62
Pablo Lamino ,Communication department,University of Florida,4.0,2.0,1.0,4.0,0.8,0.0,0.62
Kim Pace ,Study Skills department,University of Florida,4.8,3.0,0.78,1.0,0.96,0.0,0.62
Lisa Domenico ,Nursing department,University of Florida,4.0,1.0,1.0,5.0,0.8,0.0,0.62
Lisa Scarton ,Nursing department,University of Florida,4.0,1.0,1.0,1.0,0.8,0.0,0.62
Darby Walters ,English department,University of Florida,4.0,1.0,1.0,3.0,0.8,0.0,0.62
Bruce Welt ,Agriculture department,University of Florida,4.0,1.0,1.0,2.0,0.8,0.0,0.62
Dennis Mitterer ,Building Construction department,University of Florida,4.0,1.0,1.0,1.0,0.8,0.0,0.62
Andreas Enqvist ,Engineering department,University of Florida,4.0,1.0,1.0,4.0,0.8,0.0,0.62
Julia Choi ,Health & Human Performance department,University of Florida,4.0,1.0,1.0,3.0,0.8,0.0,0.62
Philip  Feng ,Engineering department,University of Florida,4.0,1.0,1.0,2.0,0.8,0.0,0.62
 Thanos Dimadis ,Journalism department,University of Florida,4.0,1.0,1.0,3.0,0.8,0.0,0.62
Shuo Wang ,Engineering department,University of Florida,4.0,1.0,1.0,2.0,0.8,0.0,0.62
Lindsey Reisinger ,Biology department,University of Florida,4.0,1.0,1.0,1.0,0.8,0.0,0.62
Robyn Goodman ,Advertising department,University of Florida,4.0,1.0,1.0,4.0,0.8,0.0,0.62
Jose Ruiz-Resto ,Music department,University of Florida,4.0,1.0,1.0,1.0,0.8,0.0,0.62
Jeffrey Pufahl ,Art department,University of Florida,4.0,1.0,1.0,2.0,0.8,0.0,0.62
Lori Gibbons ,Communication department,University of Florida,4.0,1.0,1.0,2.0,0.8,0.0,0.62
Santiago Kember ,Journalism department,University of Florida,4.0,1.0,1.0,2.0,0.8,0.0,0.62
Charles Parks ,Physics department,University of Florida,4.3,27.0,0.88,3.1,0.86,0.04,0.62
Mike Weigold ,Communication department,University of Florida,3.8,125.0,0.87,3.0,0.76,0.18,0.62
Serdar Kirli ,Engineering department,University of Florida,4.1,40.0,0.91,4.4,0.82,0.06,0.62
Tammy Davidson ,Chemistry department,University of Florida,4.3,72.0,0.81,3.4,0.86,0.1,0.62
Ratree Wayland ,Languages department,University of Florida,4.3,20.0,0.88,2.2,0.86,0.03,0.62
Jonathan Scheffe ,Engineering department,University of Florida,4.4,15.0,0.86,3.4,0.88,0.02,0.62
Aditi Mukherjee ,Information Science department,University of Florida,4.5,51.0,0.78,3.3,0.9,0.07,0.62
Debra Walker-King ,African-American Studies department,University of Florida,4.4,12.0,0.86,3.4,0.88,0.02,0.62
Velvet Yates ,Humanities department,University of Florida,3.8,25.0,1.0,2.9,0.76,0.04,0.61
Mickey Nall ,Journalism department,University of Florida,4.5,6.0,0.84,3.3,0.9,0.01,0.61
Jeffrey Needell ,History department,University of Florida,4.4,52.0,0.8,4.0,0.88,0.07,0.61
Leah Rosenberg ,English department,University of Florida,3.8,20.0,1.0,3.0,0.76,0.03,0.61
James Jawitz ,Engineering department,University of Florida,4.8,6.0,0.75,3.0,0.96,0.01,0.61
David Keellings ,Geography department,University of Florida,4.6,18.0,0.78,1.9,0.92,0.03,0.61
Garrett Beatty ,Psychology department,University of Florida,4.1,16.0,0.92,2.8,0.82,0.02,0.61
Jodi Schorb ,English department,University of Florida,4.5,24.0,0.8,3.6,0.9,0.03,0.61
Timothy Sorel ,Journalism department,University of Florida,4.6,15.0,0.78,2.8,0.92,0.02,0.61
Norman Goda ,History department,University of Florida,4.4,26.0,0.82,3.8,0.88,0.04,0.61
Charlie Mitchell ,Theater department,University of Florida,4.3,29.0,0.84,2.5,0.86,0.04,0.61
Peng Jiang ,Engineering department,University of Florida,4.6,10.0,0.78,1.9,0.92,0.01,0.61
Frank Garvan ,Mathematics department,University of Florida,4.1,28.0,0.89,3.3,0.82,0.04,0.61
Zhiyuan Wang ,Political Science department,University of Florida,4.4,7.0,0.84,2.5,0.88,0.01,0.61
Robert Moore ,Engineering department,University of Florida,3.8,7.0,1.0,3.4,0.76,0.01,0.61
Ashlee Ossiboff ,Health Science department,University of Florida,4.4,27.0,0.81,3.1,0.88,0.04,0.61
Christopher Dorst ,Philosophy department,University of Florida,4.4,6.0,0.84,2.9,0.88,0.01,0.61
Joseph Antonelli ,Statistics department,University of Florida,4.5,15.0,0.8,4.3,0.9,0.02,0.61
Daniel Talham ,Chemistry department,University of Florida,4.4,46.0,0.78,4.4,0.88,0.07,0.61
James Davidson ,Anthropology department,University of Florida,4.5,10.0,0.8,2.5,0.9,0.01,0.6
Philip Boyland ,Mathematics department,University of Florida,3.6,37.0,1.0,3.0,0.72,0.05,0.6
Fatma Gunay ,Economics department,University of Florida,4.4,12.0,0.82,3.6,0.88,0.02,0.6
Mark Clark ,Environmental Science department,University of Florida,4.5,7.0,0.8,3.3,0.9,0.01,0.6
Beth Rosenson ,Political Science department,University of Florida,4.1,46.0,0.85,2.3,0.82,0.07,0.6
Gayle Zachmann ,Languages department,University of Florida,4.1,18.0,0.89,3.9,0.82,0.03,0.6
Sebastian Elischer ,Political Science department,University of Florida,4.3,43.0,0.8,3.4,0.86,0.06,0.6
Sarah Westen ,Psychology department,University of Florida,4.5,5.0,0.8,2.9,0.9,0.01,0.6
Michael Olexa ,Agriculture department,University of Florida,4.6,21.0,0.75,3.3,0.92,0.03,0.6
Muthusami Kumaran ,Community Studies department,University of Florida,4.2,45.0,0.82,2.9,0.84,0.06,0.6
John Krigbaum ,Anthropology department,University of Florida,4.1,60.0,0.82,4.3,0.82,0.09,0.6
Caitlin Gallingane ,Education department,University of Florida,4.3,7.0,0.84,4.5,0.86,0.01,0.6
Peter Ifju ,Engineering department,University of Florida,4.5,32.0,0.75,3.0,0.9,0.05,0.6
Jawata Saba ,Geography department,University of Florida,4.3,6.0,0.84,1.5,0.86,0.01,0.6
S.A. Sherif ,Engineering department,University of Florida,4.0,47.0,0.86,4.0,0.8,0.07,0.6
Amie Imler ,Animal Science department,University of Florida,4.3,16.0,0.82,3.3,0.86,0.02,0.6
Joel Harley ,Engineering department,University of Florida,4.6,8.0,0.75,3.6,0.92,0.01,0.6
John Laibson ,Business department,University of Florida,4.5,2.0,0.78,1.0,0.9,0.0,0.6
Mark McGlothlin ,Architecture department,University of Florida,3.6,18.0,1.0,3.8,0.72,0.03,0.6
Cynthia Barnett ,Journalism department,University of Florida,4.5,1.0,0.78,4.0,0.9,0.0,0.6
Matthew Smith ,Biology department,University of Florida,4.5,1.0,0.78,3.0,0.9,0.0,0.6
Keith Schneider ,Food Science department,University of Florida,4.5,1.0,0.78,3.0,0.9,0.0,0.6
Robert Wagman ,Classics department,University of Florida,4.0,69.0,0.82,2.0,0.8,0.1,0.6
Malcolm Maden ,Biology department,University of Florida,4.6,6.0,0.75,4.0,0.92,0.01,0.6
Vincent Tocco ,Engineering department,University of Florida,4.3,11.0,0.82,4.1,0.86,0.02,0.59
Adam B. Munson ,Management department,University of Florida,3.8,48.0,0.9,3.3,0.76,0.07,0.59
Melissa Mellon ,English department,University of Florida,4.3,24.0,0.8,3.0,0.86,0.03,0.59
Christine Miller ,Entomology department,University of Florida,3.6,13.0,1.0,3.1,0.72,0.02,0.59
Misti Sharp ,Agriculture department,University of Florida,4.1,15.0,0.86,3.1,0.82,0.02,0.59
Bernell Tripp ,Journalism department,University of Florida,3.5,28.0,1.0,4.0,0.7,0.04,0.59
Jeremiah Blanchard ,Computer Science department,University of Florida,4.0,88.0,0.78,4.0,0.8,0.13,0.59
Michael Hofmann ,English department,University of Florida,3.6,9.0,1.0,2.8,0.72,0.01,0.59
Robert Engle ,Communication department,University of Florida,3.9,21.0,0.9,2.0,0.78,0.03,0.59
Paul Borsa ,Physical Ed department,University of Florida,4.0,16.0,0.88,3.5,0.8,0.02,0.59
Valeria Kleiman ,Chemistry department,University of Florida,3.5,25.0,1.0,4.5,0.7,0.04,0.59
William McElroy ,Engineering department,University of Florida,4.4,10.0,0.78,2.6,0.88,0.01,0.59
Dominique Laroche ,Physics department,University of Florida,3.6,5.0,1.0,4.4,0.72,0.01,0.59
Elif Akcali ,Engineering department,University of Florida,4.4,6.0,0.78,3.5,0.88,0.01,0.59
Keith Choe ,Zoology department,University of Florida,4.4,29.0,0.75,3.5,0.88,0.04,0.59
Jonathan Rick ,Philosophy department,University of Florida,4.3,17.0,0.79,3.3,0.86,0.02,0.59
Kim Walsh-Childers ,Journalism department,University of Florida,3.5,16.0,1.0,3.6,0.7,0.02,0.59
Matthew Traum ,Engineering department,University of Florida,4.5,4.0,0.75,4.0,0.9,0.01,0.59
Marit Ostebo ,Anthropology department,University of Florida,4.3,6.0,0.8,2.8,0.86,0.01,0.59
John Bromfield ,Animal Science department,University of Florida,4.3,6.0,0.8,3.4,0.86,0.01,0.59
Peter Hirschfeld ,Physics department,University of Florida,3.5,15.0,1.0,3.4,0.7,0.02,0.59
Megan Mocko ,Business department,University of Florida,3.5,14.0,1.0,3.0,0.7,0.02,0.59
Steve Slutsky ,Economics department,University of Florida,3.5,13.0,1.0,3.4,0.7,0.02,0.59
Martin Sorbille ,Languages department,University of Florida,3.7,30.0,0.92,2.9,0.74,0.04,0.58
Matthew Strickland ,History department,University of Florida,3.5,11.0,1.0,3.4,0.7,0.02,0.58
Henry Zmuda ,Engineering department,University of Florida,3.5,8.0,1.0,2.5,0.7,0.01,0.58
Lauren Pearlman ,History department,University of Florida,4.0,26.0,0.84,3.5,0.8,0.04,0.58
Youngmin Park ,Mathematics department,University of Florida,3.5,7.0,1.0,2.0,0.7,0.01,0.58
Imanol Suarez-Palma ,Linguistics department,University of Florida,4.3,10.0,0.78,3.9,0.86,0.01,0.58
Blain Harrison ,Health & Human Performance department,University of Florida,4.4,12.0,0.75,3.1,0.88,0.02,0.58
Dana Bartosova ,Mathematics department,University of Florida,3.5,5.0,1.0,3.8,0.7,0.01,0.58
Brian Cahill ,Psychology department,University of Florida,3.8,123.0,0.75,4.3,0.76,0.18,0.58
Nancy Ruzycki ,Engineering department,University of Florida,4.3,16.0,0.77,1.9,0.86,0.02,0.58
Rebecca Baldwin ,Entomology department,University of Florida,4.1,87.0,0.72,3.3,0.82,0.12,0.58
Manuel Simons ,Theater department,University of Florida,3.5,2.0,1.0,1.5,0.7,0.0,0.58
Faris Kronfli ,Psychology department,University of Florida,3.5,2.0,1.0,2.5,0.7,0.0,0.58
Luis  González-Díaz ,Sociology department,University of Florida,3.5,2.0,1.0,2.0,0.7,0.0,0.58
Estelle Martin ,Entomology department,University of Florida,3.5,2.0,1.0,1.5,0.7,0.0,0.58
Marc Branham ,Entomology department,University of Florida,3.5,2.0,1.0,3.5,0.7,0.0,0.58
Angelia Chen ,Economics department,University of Florida,3.5,2.0,1.0,3.0,0.7,0.0,0.58
Miguel Acevedo ,Wildlife Ecology & Conservation department,University of Florida,3.5,2.0,1.0,4.5,0.7,0.0,0.58
Gabriel Pundrich ,Accounting department,University of Florida,4.1,21.0,0.81,3.6,0.82,0.03,0.58
Robert Emerson ,Business department,University of Florida,3.6,185.0,0.7,3.9,0.72,0.27,0.58
Melissa Hyde ,Humanities department,University of Florida,4.3,20.0,0.75,3.2,0.86,0.03,0.58
Rosalie Koenig ,Agriculture department,University of Florida,3.4,13.0,1.0,3.1,0.68,0.02,0.58
Tarek Saab ,Physics department,University of Florida,3.3,29.0,1.0,4.1,0.66,0.04,0.58
Janise McNair ,Engineering department,University of Florida,3.4,10.0,1.0,2.0,0.68,0.01,0.58
Nicholas Napoli ,Engineering department,University of Florida,3.8,12.0,0.89,3.5,0.76,0.02,0.58
Gene Witmer ,Philosophy department,University of Florida,4.4,32.0,0.7,3.9,0.88,0.05,0.58
Alex York ,Mathematics department,University of Florida,4.0,69.0,0.75,4.1,0.8,0.1,0.57
Soraya Bouguettaya ,Languages department,University of Florida,4.1,29.0,0.78,3.0,0.82,0.04,0.57
James Hamlin ,Physics department,University of Florida,3.9,9.0,0.86,3.7,0.78,0.01,0.57
Karl Ekvall ,Statistics department,University of Florida,3.4,3.0,1.0,3.8,0.68,0.0,0.57
Hyesoo Chang ,Advertising department,University of Florida,4.0,13.0,0.82,3.6,0.8,0.02,0.57
Caroline Wiltshire ,Languages department,University of Florida,3.3,17.0,1.0,4.0,0.66,0.02,0.57
Stefanie Habenicht ,Chemistry department,University of Florida,3.7,102.0,0.77,4.0,0.74,0.15,0.57
Margaret Galvan ,English department,University of Florida,4.3,4.0,0.75,3.0,0.86,0.01,0.57
Whitney Stoppel ,Engineering department,University of Florida,4.3,4.0,0.75,2.9,0.86,0.01,0.57
Larry Muszynski ,Building Construction department,University of Florida,4.6,4.0,0.67,2.3,0.92,0.01,0.57
Molly Gardner ,Philosophy department,University of Florida,4.3,4.0,0.75,2.8,0.86,0.01,0.57
Gunnar Heins ,Economics department,University of Florida,4.3,4.0,0.75,3.0,0.86,0.01,0.57
Konstantin Matchev ,Physics department,University of Florida,3.3,15.0,1.0,3.6,0.66,0.02,0.57
Eleni Bozia ,Classics department,University of Florida,4.2,18.0,0.75,2.4,0.84,0.03,0.57
Mikell Pinkney ,Theater department,University of Florida,3.2,26.0,1.0,2.8,0.64,0.04,0.57
Pamela Gilbert ,English department,University of Florida,4.0,16.0,0.8,3.5,0.8,0.02,0.57
Ali Mian ,Religion department,University of Florida,4.1,9.0,0.78,2.9,0.82,0.01,0.57
Paul Basler ,Music department,University of Florida,4.1,6.0,0.78,2.8,0.82,0.01,0.57
Sarah Moeller ,Linguistics department,University of Florida,3.3,4.0,1.0,3.0,0.66,0.01,0.57
Marian Borg ,Sociology department,University of Florida,4.3,34.0,0.69,3.1,0.86,0.05,0.57
Florin Curta ,History department,University of Florida,3.8,71.0,0.77,4.0,0.76,0.1,0.57
Terry Harpold ,English department,University of Florida,3.8,49.0,0.8,3.4,0.76,0.07,0.57
Neil Sullivan ,Physics department,University of Florida,4.3,11.0,0.72,1.5,0.86,0.02,0.56
Laura Greenhaw ,Agriculture department,University of Florida,4.2,5.0,0.75,1.8,0.84,0.01,0.56
Ana Mohseni ,Engineering department,University of Florida,4.0,5.0,0.8,3.3,0.8,0.01,0.56
Grace John ,Biology department,University of Florida,4.0,5.0,0.8,3.6,0.8,0.01,0.56
Carl Crane ,Engineering department,University of Florida,3.9,58.0,0.75,2.4,0.78,0.08,0.56
Daniel Dickrell ,Engineering department,University of Florida,3.6,168.0,0.67,3.3,0.72,0.24,0.56
Paula Golombek ,Linguistics department,University of Florida,3.8,11.0,0.84,3.5,0.76,0.02,0.56
Asli Odabasi ,Food Science department,University of Florida,4.0,36.0,0.75,2.3,0.8,0.05,0.56
Anna Peterson ,Religion department,University of Florida,3.9,14.0,0.8,2.9,0.78,0.02,0.56
Tre Easterly ,Writing department,University of Florida,4.0,5.0,0.78,2.4,0.8,0.01,0.56
Ifigeneia Giannadaki ,Languages department,University of Florida,4.1,9.0,0.75,2.8,0.82,0.01,0.56
Jennifer Andrew ,Engineering department,University of Florida,4.1,9.0,0.75,3.7,0.82,0.01,0.56
Jennifer Andrew ,Engineering department,University of Florida,4.1,9.0,0.75,3.7,0.82,0.01,0.56
Seema Bandyopadhyay ,Computer Science department,University of Florida,3.6,24.0,0.86,3.4,0.72,0.03,0.56
Cammy Abernathy ,Materials Engineering department,University of Florida,4.0,1.0,0.78,3.0,0.8,0.0,0.56
Mark Hodge ,Art department,University of Florida,4.0,1.0,0.78,3.0,0.8,0.0,0.56
Idris Jeelani ,Building Construction department,University of Florida,4.1,4.0,0.75,2.9,0.82,0.01,0.55
Ron Gromoll ,Hospitality department,University of Florida,3.9,6.0,0.8,2.8,0.78,0.01,0.55
Rui Guo ,Engineering department,University of Florida,3.9,5.0,0.8,3.1,0.78,0.01,0.55
Ivan Furic ,Physics department,University of Florida,3.8,19.0,0.8,3.3,0.76,0.03,0.55
Brent Henderson ,Languages department,University of Florida,4.3,16.0,0.67,2.5,0.86,0.02,0.55
Laura Dedenbach ,Architecture department,University of Florida,4.1,11.0,0.73,2.6,0.82,0.02,0.55
Chelsea Cantrell ,Art department,University of Florida,3.5,17.0,0.88,3.6,0.7,0.02,0.55
Chris Stanton ,Physics department,University of Florida,3.1,6.0,1.0,4.0,0.62,0.01,0.55
Simon Lopez D'Sola ,Chemistry department,University of Florida,4.4,154.0,0.44,4.8,0.88,0.22,0.55
Patricia Sohn ,Political Science department,University of Florida,3.5,98.0,0.76,3.3,0.7,0.14,0.55
Melanie Correll ,Engineering department,University of Florida,3.1,5.0,1.0,3.8,0.62,0.01,0.55
Cheryl Resch ,Computer Science department,University of Florida,3.5,70.0,0.8,2.4,0.7,0.1,0.55
Alexander York ,Mathematics department,University of Florida,3.4,32.0,0.88,3.3,0.68,0.05,0.55
Greg Ray ,Philosophy department,University of Florida,2.8,59.0,1.0,3.6,0.56,0.08,0.55
Gustav Paulay ,Zoology department,University of Florida,4.3,10.0,0.67,3.4,0.86,0.01,0.55
Conor O'Dwyer ,Political Science department,University of Florida,4.0,30.0,0.72,3.1,0.8,0.04,0.55
Evangelos Christou ,Health & Human Performance department,University of Florida,4.0,15.0,0.74,3.0,0.8,0.02,0.55
Monika Ardelt ,Sociology department,University of Florida,3.5,35.0,0.84,2.6,0.7,0.05,0.55
Dragan Kujundzic ,Languages department,University of Florida,3.0,16.0,1.0,1.4,0.6,0.02,0.55
Giyeon Seo ,Sociology department,University of Florida,4.0,4.0,0.75,1.5,0.8,0.01,0.55
Richard Burt ,English department,University of Florida,3.8,41.0,0.75,3.1,0.76,0.06,0.55
Alex Dranishnikov ,Mathematics department,University of Florida,3.0,14.0,1.0,3.5,0.6,0.02,0.55
Martina Sumner ,Chemistry department,University of Florida,3.0,296.0,0.59,4.1,0.6,0.42,0.54
Jennifer Drew ,Health Science department,University of Florida,3.9,24.0,0.74,2.9,0.78,0.03,0.54
Jennifer Drew ,Health Science department,University of Florida,3.9,24.0,0.74,2.9,0.78,0.03,0.54
John Kramer ,Health Science department,University of Florida,3.0,7.0,1.0,1.9,0.6,0.01,0.54
Paul Richards ,Music department,University of Florida,3.8,8.0,0.78,2.1,0.76,0.01,0.54
Richard Nolan ,Political Science department,University of Florida,3.6,166.0,0.61,3.1,0.72,0.24,0.54
Farah Akiely ,Urban Planning department,University of Florida,3.0,3.0,1.0,3.4,0.6,0.0,0.54
Maxim Dolinsky ,Finance department,University of Florida,3.0,3.0,1.0,4.4,0.6,0.0,0.54
Shari Schwartz ,Social Science department,University of Florida,3.0,3.0,1.0,3.4,0.6,0.0,0.54
Xin Zhao ,Agriculture department,University of Florida,3.8,4.0,0.78,2.8,0.76,0.01,0.54
Tyrone Stude ,Advertising department,University of Florida,3.0,2.0,1.0,1.0,0.6,0.0,0.54
Berkay Akyapi ,Information Systems & Operations Management department,University of Florida,3.0,2.0,1.0,3.5,0.6,0.0,0.54
Yao-Chin Wang ,Health & Human Performance department,University of Florida,3.0,2.0,1.0,2.5,0.6,0.0,0.54
Caroline Wiltshire ,Linguistics department,University of Florida,3.0,2.0,1.0,4.0,0.6,0.0,0.54
Megan McVay ,Health amp Human Performance department,University of Florida,3.0,2.0,1.0,3.5,0.6,0.0,0.54
Alicia Petersen ,Engineering department,University of Florida,3.0,2.0,1.0,2.5,0.6,0.0,0.54
Natalie Asorey ,Communication department,University of Florida,3.9,8.0,0.75,3.5,0.78,0.01,0.54
Jeffery Citty ,Humanities department,University of Florida,3.0,1.0,1.0,4.0,0.6,0.0,0.54
Alexandre Gomes de Siqueira ,Computer Science department,University of Florida,2.9,46.0,0.96,4.3,0.58,0.07,0.54
Michel  Chalhoub  ,Engineering department,University of Florida,2.9,18.0,1.0,4.6,0.58,0.03,0.54
Heather Enloe ,Soil & Water Sciences department,University of Florida,4.0,8.0,0.72,3.3,0.8,0.01,0.54
David Oppenheimer ,Biology department,University of Florida,4.0,56.0,0.65,3.0,0.8,0.08,0.54
Judy Monk ,Architecture department,University of Florida,4.0,7.0,0.72,3.0,0.8,0.01,0.54
Daniel Smith ,Political Science department,University of Florida,3.5,55.0,0.78,3.3,0.7,0.08,0.54
Abdolkarim Asghari ,Microbiology department,University of Florida,3.3,43.0,0.85,3.4,0.66,0.06,0.54
Vladimir Rakov ,Engineering department,University of Florida,2.9,11.0,1.0,3.5,0.58,0.02,0.54
Oscar Crisalle ,Engineering department,University of Florida,2.9,9.0,1.0,2.1,0.58,0.01,0.54
Robert Fletcher ,Ecology department,University of Florida,4.8,3.0,0.5,3.7,0.96,0.0,0.54
David Waybright ,Music department,University of Florida,3.7,9.0,0.78,2.4,0.74,0.01,0.54
Saundra Tenbroeck ,Agriculture department,University of Florida,4.3,25.0,0.6,3.8,0.86,0.04,0.53
Jamie Foster ,Biology department,University of Florida,3.8,9.0,0.75,3.1,0.76,0.01,0.53
Dennis Dipasquale ,Communication department,University of Florida,3.9,25.0,0.7,2.9,0.78,0.04,0.53
Brent Gila ,Engineering department,University of Florida,3.7,3.0,0.78,4.0,0.74,0.0,0.53
Andrew Zimmerman ,Geology department,University of Florida,3.6,31.0,0.77,3.4,0.72,0.04,0.53
Dori Griffin ,Art History department,University of Florida,3.8,6.0,0.75,3.5,0.76,0.01,0.53
Odile Guinot ,Marketing department,University of Florida,2.7,36.0,1.0,3.8,0.54,0.05,0.53
Xiao-Xiao Zhang ,Physics department,University of Florida,3.8,4.0,0.75,3.5,0.76,0.01,0.53
Darlene Kertes ,Psychology department,University of Florida,3.7,20.0,0.75,3.0,0.74,0.03,0.53
Jason Butler ,Engineering department,University of Florida,4.0,15.0,0.67,4.4,0.8,0.02,0.53
Tiffany Jenson ,Criminology department,University of Florida,3.9,19.0,0.69,3.6,0.78,0.03,0.53
Jennifer Weeks ,Agriculture department,University of Florida,3.6,18.0,0.77,3.1,0.72,0.03,0.53
Kevin Knudson ,Mathematics department,University of Florida,3.8,71.0,0.64,3.4,0.76,0.1,0.53
Antonio Faciola ,Animal Science department,University of Florida,3.9,10.0,0.7,4.1,0.78,0.01,0.53
Carlos Carrasquillo ,Political Science department,University of Florida,4.0,9.0,0.67,3.1,0.8,0.01,0.52
Jill Goslinga ,Accounting department,University of Florida,3.0,264.0,0.57,4.5,0.6,0.38,0.52
Jo Bacusmo ,Biology department,University of Florida,3.9,47.0,0.64,3.9,0.78,0.07,0.52
Sian Morgan ,Marketing department,University of Florida,3.3,24.0,0.83,3.6,0.66,0.03,0.52
Debra Barry ,Agriculture department,University of Florida,4.0,3.0,0.67,3.3,0.8,0.0,0.52
Bahar Armaghani ,Environmental Science department,University of Florida,4.0,3.0,0.67,1.7,0.8,0.0,0.52
Jonathan Martin ,Geology department,University of Florida,4.0,3.0,0.67,3.7,0.8,0.0,0.52
James Cauraugh ,Health Science department,University of Florida,3.5,19.0,0.78,3.1,0.7,0.03,0.52
Sergey Vasenkov ,Engineering department,University of Florida,3.6,17.0,0.75,2.7,0.72,0.02,0.52
Piyush Jain ,Engineering department,University of Florida,3.8,13.0,0.7,3.8,0.76,0.02,0.52
Zhifeng (James) Chen ,History department,University of Florida,3.9,14.0,0.67,4.3,0.78,0.02,0.52
Ange Mlinko ,English department,University of Florida,2.7,7.0,1.0,3.1,0.54,0.01,0.52
Cynthia Simmons ,Geography department,University of Florida,3.8,11.0,0.7,2.9,0.76,0.02,0.52
Katia Matcheva ,Physics department,University of Florida,3.6,41.0,0.71,3.6,0.72,0.06,0.52
Bethany Taylor ,Fine Arts department,University of Florida,3.9,12.0,0.67,2.8,0.78,0.02,0.52
Taylor Verne Stein ,"Recreation, Parks, & Tourism department",University of Florida,3.9,12.0,0.67,2.8,0.78,0.02,0.52
Rodrigo Borges ,Philosophy department,University of Florida,3.9,36.0,0.63,4.0,0.78,0.05,0.52
Adam Mansell ,Chemistry department,University of Florida,3.4,7.0,0.8,3.4,0.68,0.01,0.52
Sean Davis ,Sports Management department,University of Florida,3.4,7.0,0.8,3.5,0.68,0.01,0.52
Steven Bruner ,Chemistry department,University of Florida,3.4,6.0,0.8,4.3,0.68,0.01,0.51
Baolian Wang ,Finance department,University of Florida,3.4,5.0,0.8,3.6,0.68,0.01,0.51
Rachel Gordan ,Religion department,University of Florida,3.8,15.0,0.67,3.4,0.76,0.02,0.51
Judith Callahan ,Business department,University of Florida,3.5,15.0,0.75,3.8,0.7,0.02,0.51
Marc Chevrette ,Microbiology department,University of Florida,2.6,5.0,1.0,2.6,0.52,0.01,0.51
Sujata Krishna ,Physics department,University of Florida,3.6,34.0,0.69,3.9,0.72,0.05,0.51
Frederick Kates ,Health Science department,University of Florida,3.8,10.0,0.67,3.1,0.76,0.01,0.51
Charles Telesco ,Astronomy department,University of Florida,4.1,69.0,0.5,2.8,0.82,0.1,0.51
Marinas Naibi ,Astronomy department,University of Florida,3.3,7.0,0.8,3.3,0.66,0.01,0.51
Paola Uparela ,Languages department,University of Florida,3.8,4.0,0.67,3.6,0.76,0.01,0.51
Norman  Douglas ,Biology department,University of Florida,3.9,73.0,0.54,4.1,0.78,0.1,0.51
Aroba Saleem ,Engineering department,University of Florida,3.6,23.0,0.69,3.1,0.72,0.03,0.5
Sheryl Kroen ,History department,University of Florida,3.9,33.0,0.59,3.8,0.78,0.05,0.5
Brett Presnell ,Statistics department,University of Florida,2.5,6.0,1.0,2.9,0.5,0.01,0.5
Lei Zhang ,Mathematics department,University of Florida,3.9,29.0,0.59,3.0,0.78,0.04,0.5
Krishnaswami Alladi ,Mathematics department,University of Florida,4.3,17.0,0.5,3.1,0.86,0.02,0.5
Ashok Kumar ,Engineering department,University of Florida,3.6,56.0,0.63,3.0,0.72,0.08,0.5
Sanaz  Darcy ,Health Science department,University of Florida,2.5,2.0,1.0,2.5,0.5,0.0,0.5
Missy Shabazz ,Mathematics department,University of Florida,3.4,141.0,0.56,3.8,0.68,0.2,0.5
Jane Smith ,Mathematics department,University of Florida,3.0,186.0,0.6,3.3,0.6,0.27,0.5
Nagaraj Arakere ,Engineering department,University of Florida,3.8,12.0,0.63,2.8,0.76,0.02,0.5
Sanethia Thomas ,Computer Science department,University of Florida,3.6,84.0,0.58,3.0,0.72,0.12,0.5
Bryon Moraski ,Political Science department,University of Florida,3.6,46.0,0.63,4.0,0.72,0.07,0.5
Deborah Burr ,Statistics department,University of Florida,3.4,34.0,0.7,3.0,0.68,0.05,0.5
Kelly Rice ,Biology department,University of Florida,3.6,31.0,0.65,4.3,0.72,0.04,0.5
Ranga Narayanan ,Engineering department,University of Florida,3.9,10.0,0.6,2.9,0.78,0.01,0.5
Lori Knackstedt ,Psychology department,University of Florida,2.8,18.0,0.88,4.4,0.56,0.03,0.5
Yoonseok Lee ,Physics department,University of Florida,3.4,18.0,0.72,4.0,0.68,0.03,0.5
John Schueller ,Engineering department,University of Florida,3.8,27.0,0.6,3.0,0.76,0.04,0.5
Jacob Chung ,Engineering department,University of Florida,3.3,13.0,0.75,3.0,0.66,0.02,0.49
Badredine Arfi ,Political Science department,University of Florida,3.5,52.0,0.64,3.0,0.7,0.07,0.49
Bart Schutzman ,Science department,University of Florida,3.9,5.0,0.6,3.9,0.78,0.01,0.49
Bernard Hauser ,Botany department,University of Florida,3.5,50.0,0.64,3.8,0.7,0.07,0.49
William Pelletier ,Engineering department,University of Florida,3.6,10.0,0.67,3.3,0.72,0.01,0.49
William Sims ,Computer Science department,University of Florida,2.4,3.0,1.0,4.4,0.48,0.0,0.49
Diba Mani ,Kinesiology & Health department,University of Florida,2.4,3.0,1.0,4.4,0.48,0.0,0.49
Jinsung Yang ,Languages department,University of Florida,2.4,3.0,1.0,2.8,0.48,0.0,0.49
Drew Brown ,African-American Studies department,University of Florida,2.4,3.0,1.0,4.0,0.48,0.0,0.49
Kurt Schulze ,Engineering department,University of Florida,2.4,3.0,1.0,2.4,0.48,0.0,0.49
Benjamin Lok ,Computer Science department,University of Florida,3.4,16.0,0.7,3.0,0.68,0.02,0.49
Melvena Wilson ,Health & Human Performance department,University of Florida,2.3,4.0,1.0,3.5,0.46,0.01,0.49
Andrew Wehle ,Building Construction department,University of Florida,3.5,10.0,0.67,4.0,0.7,0.01,0.49
Kevin Keating ,Mathematics department,University of Florida,3.1,26.0,0.75,4.1,0.62,0.04,0.48
Tuba Yavuz ,Computer Science department,University of Florida,3.0,20.0,0.78,3.4,0.6,0.03,0.48
Peter Dobbins ,Computer Science department,University of Florida,2.8,170.0,0.62,3.3,0.56,0.24,0.48
Erin Alvarez ,Agronomy department,University of Florida,3.6,9.0,0.63,2.0,0.72,0.01,0.48
Diba Mani ,Health amp Human Performance department,University of Florida,3.4,16.0,0.67,3.9,0.68,0.02,0.48
Nicole Dorey ,Psychology department,University of Florida,3.3,139.0,0.52,4.0,0.66,0.2,0.48
Vincent Adejumo ,African-American Studies department,University of Florida,3.4,15.0,0.67,2.7,0.68,0.02,0.48
Shari Schwartz ,Psychology department,University of Florida,2.8,40.0,0.79,3.4,0.56,0.06,0.48
Richard Wang ,Languages department,University of Florida,3.6,20.0,0.6,3.8,0.72,0.03,0.48
Steven Johnson ,Journalism department,University of Florida,3.0,3.0,0.78,4.0,0.6,0.0,0.48
Churchill Roberts ,Telecommunications department,University of Florida,3.0,3.0,0.78,2.7,0.6,0.0,0.48
Crystal Tisby ,Social Science department,University of Florida,3.0,1.0,0.78,3.0,0.6,0.0,0.48
Tim Altmeyer ,Theater department,University of Florida,3.0,1.0,0.78,3.0,0.6,0.0,0.48
Glenn Ashkanazi ,Psychology department,University of Florida,3.0,1.0,0.78,5.0,0.6,0.0,0.48
Eric Schwartz ,Engineering department,University of Florida,3.3,115.0,0.54,4.6,0.66,0.16,0.48
Autumn McClellan ,Sociology department,University of Florida,3.6,52.0,0.55,3.5,0.72,0.07,0.48
Amy Jo Coffey ,Communication department,University of Florida,4.0,12.0,0.5,3.7,0.8,0.02,0.48
Mark Meisel ,Physics department,University of Florida,3.0,36.0,0.73,4.3,0.6,0.05,0.47
Rick Lind ,Engineering department,University of Florida,3.0,27.0,0.74,4.1,0.6,0.04,0.47
Emily Johnson ,Community Studies department,University of Florida,3.5,8.0,0.63,3.1,0.7,0.01,0.47
Abdoulaye Kane ,Anthropology department,University of Florida,3.6,24.0,0.58,2.6,0.72,0.03,0.47
Naibi Marinas ,Astronomy department,University of Florida,3.6,86.0,0.49,4.1,0.72,0.12,0.47
Corene Matyas ,Geography department,University of Florida,3.8,41.0,0.5,3.1,0.76,0.06,0.47
Jessica Kahler ,Criminology department,University of Florida,4.0,3.0,0.5,3.3,0.8,0.0,0.47
Larissa Williamson ,Mathematics department,University of Florida,2.4,307.0,0.49,3.8,0.48,0.44,0.47
Brian Harfe ,Biology department,University of Florida,4.0,2.0,0.5,4.5,0.8,0.0,0.47
Cyntrice Thomas ,Sports Management department,University of Florida,3.3,27.0,0.65,3.5,0.66,0.04,0.47
Zhongwu Guo ,Chemistry department,University of Florida,3.1,22.0,0.7,3.6,0.62,0.03,0.47
Sean Niemi ,Engineering department,University of Florida,2.8,22.0,0.78,4.4,0.56,0.03,0.47
Michael Capece ,Criminology department,University of Florida,3.3,19.0,0.65,3.5,0.66,0.03,0.47
Marina Klimenko ,Psychology department,University of Florida,3.0,137.0,0.56,3.6,0.6,0.2,0.47
Nitish Kumar ,Finance department,University of Florida,3.0,4.0,0.75,3.5,0.6,0.01,0.47
Miklos Bona ,Mathematics department,University of Florida,3.4,34.0,0.6,4.3,0.68,0.05,0.47
George Broadwell ,Anthropology department,University of Florida,3.3,3.0,0.67,3.7,0.66,0.0,0.47
Liang Mao ,Geography department,University of Florida,3.9,9.0,0.5,2.9,0.78,0.01,0.47
Dave Carlson ,Journalism department,University of Florida,3.6,41.0,0.53,3.4,0.72,0.06,0.46
Carmen Kerl ,Languages department,University of Florida,2.0,8.0,1.0,4.8,0.4,0.01,0.46
Kevin Ingersent ,Physics department,University of Florida,3.6,31.0,0.54,3.8,0.72,0.04,0.46
Sarah Brunnig ,Nutrition department,University of Florida,2.8,31.0,0.75,3.5,0.56,0.04,0.46
Monikaa Oli ,Biology department,University of Florida,3.5,39.0,0.55,3.1,0.7,0.06,0.46
Ant Ural ,Engineering department,University of Florida,2.0,3.0,1.0,4.3,0.4,0.0,0.46
Heather Stark ,Health & Human Performance department,University of Florida,2.0,3.0,1.0,2.0,0.4,0.0,0.46
Jennifer Clark ,Economics department,University of Florida,2.0,3.0,1.0,3.4,0.4,0.0,0.46
Paul Fulda ,Physics department,University of Florida,2.0,2.0,1.0,4.5,0.4,0.0,0.46
Lawrence Winner ,Statistics department,University of Florida,2.0,1.0,1.0,4.0,0.4,0.0,0.46
Brenda Chalfin ,Anthropology department,University of Florida,2.7,19.0,0.78,3.2,0.54,0.03,0.46
Sean Limon ,Business department,University of Florida,3.1,50.0,0.63,3.4,0.62,0.07,0.46
Yuli Rudyak ,Mathematics department,University of Florida,3.5,36.0,0.54,2.6,0.7,0.05,0.46
Scott Kostyshak ,Economics department,University of Florida,3.5,21.0,0.56,4.0,0.7,0.03,0.46
David Canton ,Humanities department,University of Florida,3.8,5.0,0.5,3.3,0.76,0.01,0.46
Linda Nguyen ,Exercise Sport amp Health Ed department,University of Florida,3.0,94.0,0.58,4.1,0.6,0.13,0.45
Michael Ryngaert ,Finance department,University of Florida,3.4,5.0,0.6,4.0,0.68,0.01,0.45
Ross Ptacek ,Mathematics department,University of Florida,3.6,50.0,0.48,4.3,0.72,0.07,0.45
Ashley Jones ,Art History department,University of Florida,2.8,8.0,0.75,3.3,0.56,0.01,0.45
Sarah Jayasekaran ,Engineering department,University of Florida,3.1,21.0,0.65,3.3,0.62,0.03,0.45
Sarah Jayasekaran ,Engineering department,University of Florida,3.1,21.0,0.65,3.3,0.62,0.03,0.45
Michael Heckenberger ,Anthropology department,University of Florida,3.3,17.0,0.6,3.0,0.66,0.02,0.45
John Mendoza-Garcia ,Computer Science department,University of Florida,3.0,99.0,0.56,2.9,0.6,0.14,0.45
Jessica Aaron ,Languages department,University of Florida,3.3,15.0,0.6,2.9,0.66,0.02,0.45
William Bradley Barbazuk ,Biology department,University of Florida,3.9,21.0,0.43,4.4,0.78,0.03,0.45
David Julian ,Biology department,University of Florida,3.6,93.0,0.4,4.8,0.72,0.13,0.45
Bryndan Durham ,Biology department,University of Florida,3.2,41.0,0.58,3.2,0.64,0.06,0.45
Nicole Gerlach ,Biology department,University of Florida,3.1,141.0,0.46,3.9,0.62,0.2,0.45
Marsha Bryant ,English department,University of Florida,3.6,16.0,0.5,3.3,0.72,0.02,0.44
Stacey Ann Benjamin ,Chemistry department,University of Florida,2.6,55.0,0.71,4.3,0.52,0.08,0.44
Alin Ceobanu ,Sociology department,University of Florida,3.5,33.0,0.5,3.2,0.7,0.05,0.44
Adrienne Strong ,Anthropology department,University of Florida,3.0,6.0,0.67,3.3,0.6,0.01,0.44
Joy Rodgers ,Health Science department,University of Florida,3.0,6.0,0.67,3.7,0.6,0.01,0.44
Melissa Munson ,Psychology department,University of Florida,3.0,3.0,0.67,3.0,0.6,0.0,0.44
Paul Sell ,Astronomy department,University of Florida,3.2,33.0,0.57,3.5,0.64,0.05,0.44
Cheng Yu ,Mathematics department,University of Florida,3.3,7.0,0.58,2.8,0.66,0.01,0.44
Lonn Lanza-Kaduce ,Criminal Justice department,University of Florida,3.9,38.0,0.37,4.0,0.78,0.05,0.44
Marcus Lashley ,Wildlife Ecology & Conservation department,University of Florida,3.2,5.0,0.6,3.0,0.64,0.01,0.44
Jonathan King ,Mathematics department,University of Florida,3.4,37.0,0.5,4.0,0.68,0.05,0.44
Charles Martin ,Chemistry department,University of Florida,3.4,174.0,0.3,3.1,0.68,0.25,0.44
Tony Mata ,Theatre & Dance department,University of Florida,2.5,1.0,0.78,4.0,0.5,0.0,0.44
James Vogl ,Science department,University of Florida,3.0,14.0,0.63,3.8,0.6,0.02,0.44
Jennifer Clark ,Agriculture department,University of Florida,3.3,90.0,0.44,2.8,0.66,0.13,0.43
Juan Nino ,Electronics department,University of Florida,3.1,15.0,0.6,3.1,0.62,0.02,0.43
Robert Ries ,Building Construction department,University of Florida,3.1,13.0,0.6,2.8,0.62,0.02,0.43
Susan Defrance ,Anthropology department,University of Florida,3.8,17.0,0.4,3.3,0.76,0.02,0.43
Jeremy Lichstein ,Biology department,University of Florida,3.5,3.0,0.5,2.7,0.7,0.0,0.43
Robert Kawashima ,Religion department,University of Florida,3.4,21.0,0.5,3.4,0.68,0.03,0.43
Edwin Marte ,Computer Science department,University of Florida,3.5,2.0,0.5,2.5,0.7,0.0,0.43
Darius Brown ,Art department,University of Florida,3.5,2.0,0.5,3.5,0.7,0.0,0.43
Joseph Panzarella ,Advertising department,University of Florida,3.1,5.0,0.6,3.5,0.62,0.01,0.43
William Marsiglio ,Sociology department,University of Florida,3.3,107.0,0.4,4.0,0.66,0.15,0.43
Naim Montazeri ,Food Science department,University of Florida,1.6,4.0,1.0,4.3,0.32,0.01,0.43
James Austin ,Ecology department,University of Florida,2.8,9.0,0.67,3.7,0.56,0.01,0.43
Alireza Entezari ,Computer Science department,University of Florida,3.0,31.0,0.58,3.4,0.6,0.04,0.43
Carolyn Hanson ,Medicine department,University of Florida,2.6,27.0,0.69,4.0,0.52,0.04,0.43
Demetris Athienitis ,Statistics department,University of Florida,2.9,61.0,0.56,4.1,0.58,0.09,0.43
John Freeman ,Journalism department,University of Florida,3.4,34.0,0.46,3.5,0.68,0.05,0.42
Edith Kaan ,Linguistics department,University of Florida,3.8,15.0,0.38,3.3,0.76,0.02,0.42
James Fairbanks ,Computer Science department,University of Florida,3.4,4.0,0.5,4.4,0.68,0.01,0.42
John Aris ,Biology department,University of Florida,3.4,4.0,0.5,4.3,0.68,0.01,0.42
Corin Segal ,Engineering department,University of Florida,2.6,33.0,0.67,2.2,0.52,0.05,0.42
Graciela Lorca ,Biology department,University of Florida,3.0,18.0,0.58,3.6,0.6,0.03,0.42
"John M. ""Jay"" Watkins, Jr. ",Music department,University of Florida,3.0,52.0,0.53,2.6,0.6,0.07,0.42
Richard Crew ,Mathematics department,University of Florida,3.0,30.0,0.56,4.0,0.6,0.04,0.42
Sayar Karmakar ,Statistics department,University of Florida,2.7,9.0,0.67,3.3,0.54,0.01,0.42
Lisa Hinson ,Accounting department,University of Florida,3.0,14.0,0.58,4.1,0.6,0.02,0.42
Michael Griffis ,Engineering department,University of Florida,3.2,29.0,0.5,3.3,0.64,0.04,0.42
Anna Lankina ,Writing department,University of Florida,3.0,7.0,0.58,3.4,0.6,0.01,0.42
John Banko ,Finance department,University of Florida,2.5,253.0,0.36,4.6,0.5,0.36,0.42
XU Han ,Statistics department,University of Florida,3.3,6.0,0.5,3.2,0.66,0.01,0.42
Mang Tia ,Engineering department,University of Florida,3.9,5.0,0.34,2.3,0.78,0.01,0.42
Philip Wang ,Accounting department,University of Florida,3.3,4.0,0.5,3.3,0.66,0.01,0.42
Stephanie Smith ,English department,University of Florida,3.1,40.0,0.5,3.4,0.62,0.06,0.42
Mark Sheplak ,Engineering department,University of Florida,3.1,35.0,0.5,5.0,0.62,0.05,0.41
Matthew Terza ,Exercise Sport amp Health Ed department,University of Florida,3.3,24.0,0.46,4.6,0.66,0.03,0.41
Johannes Impink ,Accounting department,University of Florida,3.1,21.0,0.5,4.5,0.62,0.03,0.41
Beth Johnson ,Statistics department,University of Florida,2.6,19.0,0.63,3.6,0.52,0.03,0.41
Prabhat Mishra ,Computer Science department,University of Florida,3.3,35.0,0.42,3.9,0.66,0.05,0.41
Mickey Schafer ,Communication department,University of Florida,3.5,38.0,0.36,3.0,0.7,0.05,0.4
Wilfred Vermerris ,Agronomy department,University of Florida,3.4,19.0,0.4,3.5,0.68,0.03,0.4
Malini Johar Schueller ,English department,University of Florida,3.6,20.0,0.34,3.5,0.72,0.03,0.4
Brenda Smith ,Music department,University of Florida,3.6,17.0,0.34,2.5,0.72,0.02,0.4
Victoria Gerson ,Art department,University of Florida,2.0,2.0,0.78,4.0,0.4,0.0,0.4
David Pharies ,Linguistics department,University of Florida,2.0,1.0,0.78,4.0,0.4,0.0,0.4
Chenjie Zeng ,Chemistry department,University of Florida,2.0,1.0,0.78,5.0,0.4,0.0,0.4
Edo Navot ,Sociology department,University of Florida,2.0,1.0,0.78,4.0,0.4,0.0,0.4
Katerie Gladdys ,Art department,University of Florida,2.0,1.0,0.78,1.0,0.4,0.0,0.4
Roger Blair ,Economics department,University of Florida,2.0,1.0,0.78,4.0,0.4,0.0,0.4
Brittany Taylor ,Engineering department,University of Florida,2.0,1.0,0.78,4.0,0.4,0.0,0.4
Catherine Price ,Psychology department,University of Florida,2.0,1.0,0.78,5.0,0.4,0.0,0.4
Mark Reid ,English department,University of Florida,3.4,18.0,0.38,2.5,0.68,0.03,0.39
Sindia Rivera-Jiménez ,Engineering department,University of Florida,3.0,4.0,0.5,3.8,0.6,0.01,0.39
Connie Mulligan ,Anthropology department,University of Florida,3.6,4.0,0.34,3.5,0.72,0.01,0.39
John Biro ,Philosophy department,University of Florida,2.9,22.0,0.5,3.9,0.58,0.03,0.39
Leo Duan ,Statistics department,University of Florida,3.0,3.0,0.5,3.4,0.6,0.0,0.39
Elizabeth Diehl ,Agriculture department,University of Florida,3.0,2.0,0.5,3.5,0.6,0.0,0.39
Daniel Stepp ,Student Success department,University of Florida,3.0,2.0,0.5,2.0,0.6,0.0,0.39
Czerne Reid ,Medicine department,University of Florida,3.0,2.0,0.5,3.0,0.6,0.0,0.39
Jamie Loizzo ,Agriculture department,University of Florida,3.0,2.0,0.5,2.0,0.6,0.0,0.39
Tolulope Agunbiade ,Entomology department,University of Florida,3.0,22.0,0.47,3.9,0.6,0.03,0.39
Jason Nowell ,Mathematics department,University of Florida,2.8,94.0,0.42,3.4,0.56,0.13,0.39
Nathan Rothschild ,Philosophy department,University of Florida,3.1,21.0,0.44,4.0,0.62,0.03,0.39
John Murchek ,English department,University of Florida,2.9,11.0,0.5,4.6,0.58,0.02,0.39
Wolfgang Sigmund ,Engineering department,University of Florida,2.9,9.0,0.5,3.0,0.58,0.01,0.39
Malisa Sarntinoranont ,Engineering department,University of Florida,2.5,9.0,0.6,3.1,0.5,0.01,0.38
Andrea Galinski ,Architecture department,University of Florida,3.5,4.0,0.34,3.3,0.7,0.01,0.38
Fiona McLaughlin ,Languages department,University of Florida,2.8,19.0,0.5,3.7,0.56,0.03,0.38
Md Ali Babar ,Agronomy department,University of Florida,2.6,21.0,0.54,4.0,0.52,0.03,0.38
Heather Ray ,Physics department,University of Florida,2.9,23.0,0.45,4.0,0.58,0.03,0.38
Amor Menezes ,Engineering department,University of Florida,2.8,18.0,0.48,4.6,0.56,0.03,0.38
Scott Horsley ,Art department,University of Florida,2.8,4.0,0.5,2.0,0.56,0.01,0.38
Tracy Scheffler ,Biology department,University of Florida,1.7,3.0,0.78,4.7,0.34,0.0,0.37
Helena Mawdsley ,Education department,University of Florida,3.1,15.0,0.39,3.9,0.62,0.02,0.37
Ryan Mears ,Psychology department,University of Florida,2.8,35.0,0.44,4.0,0.56,0.05,0.37
Gerardo Nunez ,Agriculture department,University of Florida,3.2,16.0,0.36,2.8,0.64,0.02,0.37
Julia Morrisroe ,Fine Arts department,University of Florida,3.3,9.0,0.34,2.9,0.66,0.01,0.37
Michael Schadewald ,Accounting department,University of Florida,2.6,58.0,0.45,4.4,0.52,0.08,0.37
Kole Odutola ,Languages department,University of Florida,3.3,4.0,0.34,3.5,0.66,0.01,0.37
Donald Monk ,Accounting department,University of Florida,2.9,29.0,0.41,4.6,0.58,0.04,0.37
Michael Clark ,Art department,University of Florida,3.3,3.0,0.34,1.7,0.66,0.0,0.37
James Paul Sain ,Music department,University of Florida,1.6,8.0,0.78,3.3,0.32,0.01,0.37
Agata Kowalewska ,Food Science department,University of Florida,3.0,40.0,0.36,3.4,0.6,0.06,0.37
Melanie Kristina Veige ,Chemistry department,University of Florida,2.6,119.0,0.35,3.6,0.52,0.17,0.36
Vandana Baweja ,Urban Planning department,University of Florida,2.9,34.0,0.39,3.0,0.58,0.05,0.36
Bachir Kassas ,Agriculture department,University of Florida,3.0,5.0,0.4,3.0,0.6,0.01,0.36
Randall Switt ,Engineering department,University of Florida,2.6,5.0,0.5,4.3,0.52,0.01,0.36
Youping Chen ,Engineering department,University of Florida,2.9,17.0,0.4,2.8,0.58,0.02,0.36
Oluwatobi Alawode ,Sociology department,University of Florida,1.5,2.0,0.78,1.0,0.3,0.0,0.36
Philip Chang ,Physics department,University of Florida,1.5,2.0,0.78,4.5,0.3,0.0,0.36
Diana Nagy ,Communication department,University of Florida,3.8,29.0,0.13,1.9,0.76,0.04,0.36
John Palmer ,Philosophy department,University of Florida,3.0,30.0,0.34,3.7,0.6,0.04,0.35
Luca Mantegazza ,Economics department,University of Florida,2.7,16.0,0.44,4.2,0.54,0.02,0.35
Peter Kvam ,Psychology department,University of Florida,2.5,4.0,0.5,3.6,0.5,0.01,0.35
Willard Hasty ,Humanities department,University of Florida,2.5,2.0,0.5,5.0,0.5,0.0,0.35
Yasumasa Takano ,Physics department,University of Florida,2.6,24.0,0.44,4.3,0.52,0.03,0.35
Rebecca Butcher ,Chemistry department,University of Florida,3.0,16.0,0.34,3.5,0.6,0.02,0.35
Heather Young ,Written & Oral Communications department,University of Florida,1.4,3.0,0.78,3.8,0.28,0.0,0.35
Christopher Falk ,Accounting department,University of Florida,2.9,32.0,0.34,4.3,0.58,0.05,0.35
Kamran Mohseni ,Engineering department,University of Florida,2.4,13.0,0.5,4.8,0.48,0.02,0.35
Emily Hind ,Languages department,University of Florida,2.6,10.0,0.45,2.7,0.52,0.01,0.35
Jindrich Zapletal ,Mathematics department,University of Florida,3.0,46.0,0.29,3.0,0.6,0.07,0.35
Arina Pismenny ,Philosophy department,University of Florida,2.8,20.0,0.38,4.8,0.56,0.03,0.35
Jing Pan ,Engineering department,University of Florida,2.4,10.0,0.5,4.8,0.48,0.01,0.35
John Abbitt ,Engineering department,University of Florida,3.1,54.0,0.25,3.1,0.62,0.08,0.35
Jack Davis ,History department,University of Florida,3.5,14.0,0.2,2.8,0.7,0.02,0.35
Dmitry Kopelevich ,Engineering department,University of Florida,2.4,6.0,0.5,4.4,0.48,0.01,0.34
Andrey Korytov ,Physics department,University of Florida,2.8,56.0,0.32,4.6,0.56,0.08,0.34
Hui Zou ,Architecture department,University of Florida,2.6,36.0,0.4,2.8,0.52,0.05,0.34
John Jaeger ,Geology department,University of Florida,2.8,11.0,0.38,4.0,0.56,0.02,0.34
David Groisser ,Mathematics department,University of Florida,2.5,31.0,0.43,4.6,0.5,0.04,0.34
Craig Smith ,Fine Arts department,University of Florida,3.0,19.0,0.31,2.7,0.6,0.03,0.34
Ye Xia ,Engineering department,University of Florida,2.5,21.0,0.43,4.5,0.5,0.03,0.34
Shannon Ridgeway ,Engineering department,University of Florida,2.5,18.0,0.43,3.9,0.5,0.03,0.34
Elizabeth Lada ,Science department,University of Florida,3.1,44.0,0.23,3.8,0.62,0.06,0.34
Jonathan Kavalan ,Computer Science department,University of Florida,2.4,11.0,0.46,1.9,0.48,0.02,0.33
Sarah Gamble ,Architecture department,University of Florida,2.5,9.0,0.43,3.0,0.5,0.01,0.33
John Lai ,Advertising department,University of Florida,2.8,13.0,0.34,4.0,0.56,0.02,0.33
Melissa White ,Engineering department,University of Florida,2.6,21.0,0.38,2.8,0.52,0.03,0.33
Linda Clarke ,Management department,University of Florida,2.3,41.0,0.43,3.0,0.46,0.06,0.33
Jordan Mike ,Communication department,University of Florida,2.8,3.0,0.34,1.8,0.56,0.0,0.33
Claudio Gonzalez ,Biology department,University of Florida,2.6,40.0,0.34,3.6,0.52,0.06,0.33
Amie Baisley ,Engineering department,University of Florida,2.4,54.0,0.37,3.8,0.48,0.08,0.33
Robert Deserio ,Physics department,University of Florida,2.6,9.0,0.38,2.6,0.52,0.01,0.33
Joseph Larkin III ,Science department,University of Florida,2.3,39.0,0.4,4.5,0.46,0.06,0.32
Imre Bartos ,Physics department,University of Florida,2.3,25.0,0.42,4.1,0.46,0.04,0.32
Sanaz Motamedi ,Engineering department,University of Florida,2.5,22.0,0.37,4.1,0.5,0.03,0.32
Karen Hegland ,Communication department,University of Florida,4.0,1.0,0.0,4.0,0.8,0.0,0.32
Kyla McMullen ,Computer Science department,University of Florida,2.3,24.0,0.42,4.0,0.46,0.03,0.32
Dennis Hiltunen ,Engineering department,University of Florida,1.0,3.0,0.78,4.8,0.2,0.0,0.32
Patrick  Scanlon ,Writing department,University of Florida,1.0,2.0,0.78,3.0,0.2,0.0,0.32
Sima Sabahi ,Engineering department,University of Florida,1.0,2.0,0.78,4.0,0.2,0.0,0.32
Ocqua Murrell ,Women's Studies department,University of Florida,1.0,1.0,0.78,3.0,0.2,0.0,0.32
Allison Moore ,Art History department,University of Florida,1.0,1.0,0.78,4.0,0.2,0.0,0.32
Antarpreet Jutla ,Environmental Science department,University of Florida,1.0,1.0,0.78,4.0,0.2,0.0,0.32
Pinaki Sarder ,Engineering department,University of Florida,1.0,1.0,0.78,1.0,0.2,0.0,0.32
Shannon Lowe ,Music department,University of Florida,1.0,1.0,0.78,4.0,0.2,0.0,0.32
Wonki Lee ,Criminology department,University of Florida,1.0,1.0,0.78,5.0,0.2,0.0,0.32
Fazil Najafi ,Engineering department,University of Florida,3.8,25.0,0.0,1.5,0.76,0.04,0.31
Leslie Thiele ,Political Science department,University of Florida,2.6,52.0,0.28,4.0,0.52,0.07,0.31
Hyojin Kim ,Communication department,University of Florida,2.5,26.0,0.34,3.9,0.5,0.04,0.31
Peter Rudnytsky ,English department,University of Florida,2.5,74.0,0.27,4.1,0.5,0.11,0.31
Dominique Fairley ,Sociology department,University of Florida,2.0,6.0,0.5,3.4,0.4,0.01,0.31
Ryan Sharston ,Building Construction department,University of Florida,2.0,3.0,0.5,3.0,0.4,0.0,0.31
Chad Carr ,Agriculture department,University of Florida,2.9,8.0,0.25,3.0,0.58,0.01,0.31
W. David Wei ,Chemistry department,University of Florida,2.4,17.0,0.36,3.9,0.48,0.02,0.31
Delores James ,Health Science department,University of Florida,2.1,52.0,0.38,3.8,0.42,0.07,0.3
Christophe Bobda ,Engineering department,University of Florida,2.8,11.0,0.25,3.5,0.56,0.02,0.3
Esther Mullens ,Geography department,University of Florida,3.0,5.0,0.2,3.8,0.6,0.01,0.3
Ryan Houim ,Engineering department,University of Florida,2.4,15.0,0.34,4.8,0.48,0.02,0.3
Jesse Boyles ,Accounting department,University of Florida,3.6,22.0,0.0,4.0,0.72,0.03,0.3
Alex Berkovich ,Mathematics department,University of Florida,3.4,59.0,0.0,4.1,0.68,0.08,0.3
Elliot Douglas ,Engineering department,University of Florida,3.6,17.0,0.0,2.4,0.72,0.02,0.3
Marek Schwendt ,Psychology department,University of Florida,2.2,24.0,0.36,4.3,0.44,0.03,0.29
Mary Koroly ,Biology department,University of Florida,2.3,6.0,0.34,2.0,0.46,0.01,0.29
Aqsa Bashir ,Advertising department,University of Florida,2.3,4.0,0.34,3.3,0.46,0.01,0.29
Isa Garcia-Rose ,Theater department,University of Florida,3.5,12.0,0.0,3.4,0.7,0.02,0.29
Kirk Ziegler ,Engineering department,University of Florida,3.5,12.0,0.0,4.3,0.7,0.02,0.29
Markus Schneider ,Computer Science department,University of Florida,2.3,57.0,0.25,4.1,0.46,0.08,0.28
Jeyoul Choi ,Religion department,University of Florida,3.5,2.0,0.0,4.5,0.7,0.0,0.28
Vasudha Narayanan ,Religion department,University of Florida,2.1,17.0,0.34,3.9,0.42,0.02,0.28
Stefanie Gazda ,Biology department,University of Florida,2.1,26.0,0.3,4.5,0.42,0.04,0.27
Nathan Burkett-Cadena ,Entomology department,University of Florida,3.3,2.0,0.0,3.5,0.66,0.0,0.26
Renwei Mei ,Engineering department,University of Florida,1.8,96.0,0.26,4.3,0.36,0.14,0.26
Andrew Rinzler ,Physics department,University of Florida,2.0,52.0,0.23,3.1,0.4,0.07,0.25
Norman Fitz-Coy ,Engineering department,University of Florida,3.0,23.0,0.0,4.6,0.6,0.03,0.25
Leslie Murray ,Chemistry department,University of Florida,2.3,47.0,0.15,5.0,0.46,0.07,0.25
Michael McDonald ,Political Science department,University of Florida,2.3,7.0,0.2,3.9,0.46,0.01,0.25
Valerie de Crecy-Lagard ,Science department,University of Florida,2.3,45.0,0.14,4.4,0.46,0.06,0.25
Stephen Elardo ,Geology department,University of Florida,3.0,2.0,0.0,4.0,0.6,0.0,0.24
Susan Nittrouer ,Communication department,University of Florida,2.0,15.0,0.24,3.9,0.4,0.02,0.24
Peggy Borum ,Science department,University of Florida,2.0,28.0,0.2,3.4,0.4,0.04,0.23
Celeste Martinez ,Marketing department,University of Florida,1.9,9.0,0.25,4.6,0.38,0.01,0.23
Jasmine McNealy ,Journalism department,University of Florida,2.2,7.0,0.17,3.3,0.44,0.01,0.23
Leslie Anderson ,Political Science department,University of Florida,1.9,64.0,0.15,4.0,0.38,0.09,0.22
Charles Baer ,Biology department,University of Florida,2.0,122.0,0.04,4.5,0.4,0.18,0.22
Vandana Baweja ,Architecture department,University of Florida,1.9,9.0,0.17,3.1,0.38,0.01,0.21
Yunwei Cao ,Chemistry department,University of Florida,1.5,39.0,0.2,4.2,0.3,0.06,0.2
Andrew Vince ,Mathematics department,University of Florida,2.3,14.0,0.0,3.8,0.46,0.02,0.19
Galia Hatav ,Languages department,University of Florida,2.3,13.0,0.0,3.2,0.46,0.02,0.19
Kristin Joys ,Business department,University of Florida,1.8,21.0,0.12,4.3,0.36,0.03,0.19
Kejun Huang ,Computer Science department,University of Florida,2.3,3.0,0.0,4.0,0.46,0.0,0.19
Sarra Tlili ,Asian Languages & Literatures department,University of Florida,2.1,11.0,0.0,4.8,0.42,0.02,0.17
Ajay Shanker ,Building Construction department,University of Florida,1.6,17.0,0.12,4.6,0.32,0.02,0.17
Stephen Craig ,Political Science department,University of Florida,1.6,49.0,0.06,3.9,0.32,0.07,0.17
Sean Miller ,Fine Arts department,University of Florida,2.0,15.0,0.0,3.7,0.4,0.02,0.17
Nancy Hunt ,Humanities department,University of Florida,2.0,5.0,0.0,2.8,0.4,0.01,0.16
Lonn Lanza Kaduce ,Anthropology department,University of Florida,2.0,3.0,0.0,2.3,0.4,0.0,0.16
Ashley MacSuga-Gage ,Social Science department,University of Florida,2.0,2.0,0.0,2.0,0.4,0.0,0.16
Karen Reed ,Nursing department,University of Florida,2.0,2.0,0.0,4.0,0.4,0.0,0.16
Lisa Platt ,Interior Design department,University of Florida,2.0,2.0,0.0,3.5,0.4,0.0,0.16
Chunmei Wang ,Mathematics department,University of Florida,2.0,1.0,0.0,3.0,0.4,0.0,0.16
John Sansalone ,Engineering department,University of Florida,1.9,12.0,0.0,3.6,0.38,0.02,0.16
Mariela Pajuelo ,Biology department,University of Florida,1.9,6.0,0.0,3.1,0.38,0.01,0.15
Gary Ritzenthaler ,Journalism department,University of Florida,1.9,5.0,0.0,3.3,0.38,0.01,0.15
Patrick Inglett ,Science department,University of Florida,1.8,5.0,0.0,4.2,0.36,0.01,0.15
Susan Bluck ,Psychology department,University of Florida,1.7,3.0,0.0,4.3,0.34,0.0,0.14
Hsing Cheng ,Business department,University of Florida,1.5,6.0,0.0,3.4,0.3,0.01,0.12
Khandker Muttalib ,Physics department,University of Florida,1.5,2.0,0.0,2.5,0.3,0.0,0.12
Amy Freeman ,Art department,University of Florida,1.4,9.0,0.0,5.0,0.28,0.01,0.12
Valerie Hampton ,Humanities department,University of Florida,1.4,4.0,0.0,3.9,0.28,0.01,0.11
Carissa Nicholson ,Humanities department,University of Florida,1.3,6.0,0.0,3.9,0.26,0.01,0.11
Jonathan Bloch ,Zoology department,University of Florida,1.3,2.0,0.0,4.5,0.26,0.0,0.1
Stephen Thebaut ,Computer Science department,University of Florida,1.0,7.0,0.0,4.1,0.2,0.01,0.08
Kristin Gardner Johnson ,Criminology department,University of Florida,1.0,6.0,0.0,4.7,0.2,0.01,0.08
Nawari Nawari ,Architecture department,University of Florida,1.0,4.0,0.0,1.0,0.2,0.01,0.08
Anderson Leslie Elin ,Political Science department,University of Florida,1.0,3.0,0.0,5.0,0.2,0.0,0.08
Assel Aitkaliyeva ,Engineering department,University of Florida,1.0,2.0,0.0,5.0,0.2,0.0,0.08
Walter Leite ,Education department,University of Florida,1.0,2.0,0.0,4.5,0.2,0.0,0.08
Hwayoung Cho ,Nursing department,University of Florida,1.0,2.0,0.0,5.0,0.2,0.0,0.08
Jing Guo ,Engineering department,University of Florida,1.0,1.0,0.0,4.0,0.2,0.0,0.08
Anthea Behm ,Art department,University of Florida,1.0,1.0,0.0,3.0,0.2,0.0,0.08
Gareth Fraser ,Biology department,University of Florida,1.0,1.0,0.0,4.0,0.2,0.0,0.08
Daniel Ferris ,Engineering department,University of Florida,1.0,1.0,0.0,4.0,0.2,0.0,0.08
